"STATION","DATE","LATITUDE","LONGITUDE","ELEVATION","NAME","PRCP","PRCP_ATTRIBUTES","SNOW","SNOW_ATTRIBUTES","SNWD","SNWD_ATTRIBUTES","TMAX","TMAX_ATTRIBUTES","TMIN","TMIN_ATTRIBUTES","ACMH","ACMH_ATTRIBUTES","ACSH","ACSH_ATTRIBUTES","ADPT","ADPT_ATTRIBUTES","ASLP","ASLP_ATTRIBUTES","ASTP","ASTP_ATTRIBUTES","AWBT","AWBT_ATTRIBUTES","AWND","AWND_ATTRIBUTES","DAEV","DAEV_ATTRIBUTES","DASF","DASF_ATTRIBUTES","DAWM","DAWM_ATTRIBUTES","EVAP","EVAP_ATTRIBUTES","FMTM","FMTM_ATTRIBUTES","MDEV","MDEV_ATTRIBUTES","MDSF","MDSF_ATTRIBUTES","MDWM","MDWM_ATTRIBUTES","PGTM","PGTM_ATTRIBUTES","PSUN","PSUN_ATTRIBUTES","RHAV","RHAV_ATTRIBUTES","RHMN","RHMN_ATTRIBUTES","RHMX","RHMX_ATTRIBUTES","TAVG","TAVG_ATTRIBUTES","TOBS","TOBS_ATTRIBUTES","TSUN","TSUN_ATTRIBUTES","WDF1","WDF1_ATTRIBUTES","WDF2","WDF2_ATTRIBUTES","WDF5","WDF5_ATTRIBUTES","WDFG","WDFG_ATTRIBUTES","WDFM","WDFM_ATTRIBUTES","WDMV","WDMV_ATTRIBUTES","WESD","WESD_ATTRIBUTES","WSF1","WSF1_ATTRIBUTES","WSF2","WSF2_ATTRIBUTES","WSF5","WSF5_ATTRIBUTES","WSFG","WSFG_ATTRIBUTES","WSFM","WSFM_ATTRIBUTES","WT01","WT01_ATTRIBUTES","WT02","WT02_ATTRIBUTES","WT03","WT03_ATTRIBUTES","WT04","WT04_ATTRIBUTES","WT05","WT05_ATTRIBUTES","WT06","WT06_ATTRIBUTES","WT07","WT07_ATTRIBUTES","WT08","WT08_ATTRIBUTES","WT09","WT09_ATTRIBUTES","WT11","WT11_ATTRIBUTES","WT13","WT13_ATTRIBUTES","WT14","WT14_ATTRIBUTES","WT15","WT15_ATTRIBUTES","WT16","WT16_ATTRIBUTES","WT17","WT17_ATTRIBUTES","WT18","WT18_ATTRIBUTES","WT19","WT19_ATTRIBUTES","WT21","WT21_ATTRIBUTES","WT22","WT22_ATTRIBUTES"
"USW00094728","2020-01-01","40.77898","-73.96925","42.7","NY CITY CENTRAL PARK, NY US","    0",",,W,2400","    0",",,W,2400","    0",",,W,2400","   50",",,W","   11",",,W",,,,,"  -61",",,W","10078",",,W","10030",",,W","    0",",,W","   38",",,W",,,,,,,,,,,,,,,,,,,,,"   52",",,W","   43",",,W","   62",",,W",,,,,,,,,"  270",",,W","  260",",,W",,,,,,,,,,,"   76",",,W","  130",",,W",,,,,,,,,,,,,,,,,,,,,,,,,,,,,,,,,,,,,,,,,,
"USW00094728","2020-01-02","40.77898","-73.96925","42.7","NY CITY CENTRAL PARK, NY US","    0",",,W,2400","    0",",,W,2400","    0",",,W,2400","   94",",,W","    6",",,W",,,,,"  -39",",,W","10129",",,W","10081",",,W","   22",",,W","   24",",,W",,,,,,,,,,,,,,,,,,,,,"   52",",,W","   38",",,W","   59",",,W",,,,,,,,,"  230",",,W","  220",",,W",,,,,,,,,,,"   58",",,W","   98",",,W",,,,,,,,,,,,,,,,,,,,,,,,,,,,,,,,,,,,,,,,,,
"USW00094728","2020-01-03","40.77898","-73.96925","42.7","NY CITY CENTRAL PARK, NY US","   38",",,W,2400","    0",",,W,2400","    0",",,W,2400","   94",",,W","   67",",,W",,,,,"   50",",,W","10095",",,W","10047",",,W","   67",",,W","   15",",,W",,,,,,,,,,,,,,,,,,,,,"   82",",,W","   58",",,W","   93",",,W",,,,,,,,,"  250",",,W","  230",",,W",,,,,,,,,,,"   45",",,W","   67",",,W",,,,,"    1",",,W",,,,,,,,,,,,,"    1",",,W",,,,,,,,,,,,,,,,,,,,,,
"USW00094728","2020-01-04","40.77898","-73.96925","42.7","NY CITY CENTRAL PARK, NY US","   69",",,W,2400","    0",",,W,2400","    0",",,W,2400","  106",",,W","   50",",,W",,,,,"   72",",,W","10030",",,W"," 9986",",,W","   78",",,W","   20",",,W",,,,,,,,,,,,,,,,,,,,,"   90",",,W","   73",",,W","   97",",,W",,,,,,,,,"  300",",,W","  330",",,W",,,,,,,,,,,"   67",",,W","  107",",,W",,,,,"    1",",,W","    1",",,W",,,,,,,,,,,,,,,,,,,,,,,,,,,,,,,,,,
"USW00094728","2020-01-05","40.77898","-73.96925","42.7","NY CITY CENTRAL PARK, NY US","    0","T,,W,2400","    0",",,W,2400","    0",",,W,2400","   56",",,W","   17",",,W",,,,,"  -67",",,W","10105",",,W","10054",",,W","    0",",,W","   51",",,W",,,,,,,,,,,,,,,,,,,,,"   48",",,W","   39",",,W","   63",",,W",,,,,,,,,"  300",",,W","  300",",,W",,,,,,,,,,,"  112",",,W","  192",",,W",,,,,,,,,,,,,,,,,,,,,,,,,,,,,,,,,,,,,,,,,,
"USW00094728","2020-01-06","40.77898","-73.96925","42.7","NY CITY CENTRAL PARK, NY US","   10",",,W,2400","    5",",,W,2400","    0",",,W,2400","   72",",,W","    0",",,W",,,,,"  -33",",,W","10146",",,W","10095",",,W","   11",",,W","   27",",,W",,,,,,,,,,,,,,,,,,,,,"   62",",,W","   38",",,W","   92",",,W",,,,,,,,,"  250",",,W","  230",",,W",,,,,,,,,,,"   72",",,W","  103",",,W",,,,,"    1",",,W",,,,,,,,,,,,,,,,,,,,,,,,,,,,,,,,,,,,
"USW00094728","2020-01-07","40.77898","-73.96925","42.7","NY CITY CENTRAL PARK, NY US","    0","T,,W,2400","    0",",,W,2400","    0",",,W,2400","   72",",,W","   22",",,W",,,,,"  -56",",,W","10152",",,W","10102",",,W","   11",",,W","   23",",,W",,,,,,,,,,,,,,,,,,,,,"   50",",,W","   38",",,W","   76",",,W",,,,,,,,,"  230",",,W","  240",",,W",,,,,,,,,,,"   72",",,W","  121",",,W",,,,,,,,,,,,,,,,,,,,,,,,,,,,,,,,,,,,,,,,,,
"USW00094728","2020-01-08","40.77898","-73.96925","42.7","NY CITY CENTRAL PARK, NY US","    0","T,,W,2400","    0","T,,W,2400","    0",",,W,2400","   56",",,W","  -21",",,W",,,,,"  -72",",,W","10166",",,W","10112",",,W","  -17",",,W","   43",",,W",,,,,,,,,,,,,,,,,,,,,"   56",",,W","   32",",,W","   82",",,W",,,,,,,,,"  270",",,W","  280",",,W",,,,,,,,,,,"   94",",,W","  157",",,W",,,,,,,,,,,,,,,,,,,"    1",",,W",,,,,,,,,,,,,,,,,,,,,,
"USW00094728","2020-01-09","40.77898","-73.96925","42.7","NY CITY CENTRAL PARK, NY US","    0",",,W,2400","    0",",,W,2400","    0",",,W,2400","   11",",,W","  -49",",,W",,,,," -139",",,W","10383",",,W","10332",",,W","  -50",",,W","   20",",,W",,,,,,,,,,,,,,,,,,,,,"   40",",,W","   30",",,W","   54",",,W",,,,,,,,,"  300",",,W","  290",",,W",,,,,,,,,,,"   76",",,W","  116",",,W",,,,,,,,,,,,,,,,,,,,,,,,,,,,,,,,,,,,,,,,,,
"USW00094728","2020-01-10","40.77898","-73.96925","42.7","NY CITY CENTRAL PARK, NY US","    0",",,W,2400","    0",",,W,2400","    0",",,W,2400","  128",",,W","    6",",,W",,,,,"   22",",,W","10332",",,W","10284",",,W","   50",",,W","   28",",,W",,,,,,,,,,,,,,,,,,,,,"   68",",,W","   61",",,W","   77",",,W",,,,,,,,,"  240",",,W","  220",",,W",,,,,,,,,,,"   63",",,W","  112",",,W",,,,,,,,,,,,,,,,,,,,,,,,,,,,,,,,,,,,,,,,,,
"USW00094728","2020-01-11","40.77898","-73.96925","42.7","NY CITY CENTRAL PARK, NY US","    0",",,W,2400","    0",",,W,2400","    0",",,W,2400","  206",",,W","  106",",,W",,,,,"  100",",,W","10220",",,W","10186",",,W","  128",",,W","   24",",,W",,,,,,,,,,,,,,,,,,,,,"   67",",,W","   53",",,W","   78",",,W",,,,,,,,,"  230",",,W","  210",",,W",,,,,,,,,,,"   67",",,W","  130",",,W",,,,,,,,,,,,,,,,,,,,,,,,,,,,,,,,,,,,,,,,,,
"USW00094728","2020-01-12","40.77898","-73.96925","42.7","NY CITY CENTRAL PARK, NY US","   13",",,W,2400","    0",",,W,2400","    0",",,W,2400","  200",",,W","   61",",,W",,,,,"   67",",,W","10179",",,W","10119",",,W","  111",",,W","   39",",,W",,,,,,,,,,,,,,,,,,,,,"   58",",,W","   34",",,W","   90",",,W",,,,,,,,,"  260",",,W","  240",",,W",,,,,,,,,,,"   98",",,W","  152",",,W",,,,,"    1",",,W",,,,,,,,,,,,,,,,,,,,,,,,,,,,,,,,,,,,
"USW00094728","2020-01-13","40.77898","-73.96925","42.7","NY CITY CENTRAL PARK, NY US","    0",",,W,2400","    0",",,W,2400","    0",",,W,2400","   78",",,W","   28",",,W",,,,,"   11",",,W","10288",",,W","10240",",,W","   39",",,W","   20",",,W",,,,,,,,,,,,,,,,,,,,,"   73",",,W","   62",",,W","   82",",,W",,,,,,,,,"   50",",,W","   70",",,W",,,,,,,,,,,"   63",",,W","   81",",,W",,,,,,,,,,,,,,,,,,,"    1",",,W",,,,,,,,,,,,,,,,,,,,,,
"USW00094728","2020-01-14","40.77898","-73.96925","42.7","NY CITY CENTRAL PARK, NY US","   18",",,W,2400","    0",",,W,2400","    0",",,W,2400","   78",",,W","   39",",,W",,,,,"   28",",,W","10244",",,W","10200",",,W","   44",",,W","   17",",,W",,,,,,,,,,,,,,,,,,,,,"   82",",,W","   58",",,W","   96",",,W",,,,,,,,,"  140",",,W","  140",",,W",,,,,,,,,,,"   54",",,W","   63",",,W",,,,,"    1",",,W",,,,,,,,,,,,,,,,,,,,,,,,,,,,,,,,,,,,
"USW00094728","2020-01-15","40.77898","-73.96925","42.7","NY CITY CENTRAL PARK, NY US","    0","T,,W,2400","    0",",,W,2400","    0",",,W,2400","  100",",,W","   50",",,W",,,,,"   17",",,W","10200",",,W","10152",",,W","   50",",,W","   23",",,W",,,,,,,,,,,,,,,,,,,,,"   65",",,W","   44",",,W","   93",",,W",,,,,,,,,"  270",",,W","  270",",,W",,,,,,,,,,,"   58",",,W","   89",",,W",,,,,"    1",",,W",,,,,,,,,,,,,"    1",",,W",,,,,,,,,,,,,,,,,,,,,,
"USW00094728","2020-01-16","40.77898","-73.96925","42.7","NY CITY CENTRAL PARK, NY US","   28",",,W,2400","    0","T,,W,2400","    0",",,W,2400","   94",",,W","    6",",,W",,,,,"  -11",",,W","10149",",,W","10091",",,W","   33",",,W","   46",",,W",,,,,,,,,,,,,,,,,,,,,"   62",",,W","   41",",,W","   89",",,W",,,,,,,,,"  290",",,W","  270",",,W",,,,,,,,,,,"   98",",,W","  179",",,W",,,,,"    1",",,W",,,,,,,,,,,,,"    1",",,W",,,,,,,,,,,,,,,,,,,,,,
"USW00094728","2020-01-17","40.77898","-73.96925","42.7","NY CITY CENTRAL PARK, NY US","    0",",,W,2400","    0",",,W,2400","    0",",,W,2400","    6",",,W","  -60",",,W",,,,," -172",",,W","10345",",,W","10295",",,W","  -67",",,W","   48",",,W",,,,,,,,,,,,,,,,,,,,,"   35",",,W","   23",",,W","   54",",,W",,,,,,,,,"  300",",,W","  310",",,W",,,,,,,,,,,"  107",",,W","  188",",,W",,,,,,,,,,,,,,,,,,,,,,,,,,,,,,,,,,,,,,,,,,
"USW00094728","2020-01-18","40.77898","-73.96925","42.7","NY CITY CENTRAL PARK, NY US","   94",",,W,2400","   53",",,W,2400","    0",",,W,2400","   28",",,W","  -66",",,W",,,,," -106",",,W","10271",",,W","10193",",,W","  -50",",,W","   22",",,W",,,,,,,,,,,,,,,,,,,,,"   63",",,W","   36",",,W","   93",",,W",,,,,,,,,"  250",",,W","  230",",,W",,,,,,,,,,,"   76",",,W","  116",",,W",,,,,"    1",",,W","    1",",,W",,,,,,,,,,,"    1",",,W",,,,,,,,,,,,,,,,,,,,,,
"USW00094728","2020-01-19","40.77898","-73.96925","42.7","NY CITY CENTRAL PARK, NY US","    0","T,,W,2400","    0",",,W,2400","   30",",,W,2400","   61",",,W","  -27",",,W",,,,,"  -44",",,W","10085",",,W","10030",",,W","    6",",,W","   40",",,W",,,,,,,,,,,,,,,,,,,,,"   59",",,W","   41",",,W","   93",",,W",,,,,,,,,"  270",",,W","  300",",,W",,,,,,,,,,,"   76",",,W","  121",",,W",,,,,"    1",",,W",,,,,,,,,,,,,,,,,,,,,,,,,,,,,,,,,,,,
"USW00094728","2020-01-20","40.77898","-73.96925","42.7","NY CITY CENTRAL PARK, NY US","    0",",,W,2400","    0",",,W,2400","    0",",,W,2400","   -5",",,W","  -66",",,W",,,,," -161",",,W","10240",",,W","10190",",,W","  -67",",,W","   35",",,W",,,,,,,,,,,,,,,,,,,,,"   39",",,W","   22",",,W","   55",",,W",,,,,,,,,"  300",",,W","  300",",,W",,,,,,,,,,,"   81",",,W","  130",",,W",,,,,,,,,,,,,,,,,,,,,,,,,,,,,,,,,,,,,,,,,,
"USW00094728","2020-01-21","40.77898","-73.96925","42.7","NY CITY CENTRAL PARK, NY US","    0",",,W,2400","    0",",,W,2400","    0",",,W,2400","    6",",,W","  -66",",,W",,,,," -139",",,W","10301",",,W","10251",",,W","  -61",",,W","   19",",,W",,,,,,,,,,,,,,,,,,,,,"   46",",,W","   29",",,W","   62",",,W",,,,,,,,,"  360",",,W","  300",",,W",,,,,,,,,,,"   58",",,W","   85",",,W",,,,,,,,,,,,,,,,,,,,,,,,,,,,,,,,,,,,,,,,,,
"USW00094728","2020-01-22","40.77898","-73.96925","42.7","NY CITY CENTRAL PARK, NY US","    0",",,W,2400","    0",",,W,2400","    0",",,W,2400","   33",",,W","  -38",",,W",,,,,"  -94",",,W","10305",",,W","10254",",,W","  -33",",,W",,,,,,,,,,,,,,,,,,,,,,,"   50",",,W","   39",",,W","   60",",,W",,,,,,,,,,,,,,,,,,,,,,,,,,,,,,,,,,,,,,,,,,,,,,,,,,,,,,,,,,,,,,,,,,,,
"USW00094728","2020-01-23","40.77898","-73.96925","42.7","NY CITY CENTRAL PARK, NY US","    0",",,W,2400","    0",",,W,2400","    0",",,W,2400","   83",",,W","    6",",,W",,,,,"  -78",",,W","10284",",,W","10234",",,W","    0",",,W",,,,,,,,,,,,,,,,,,,,,,,"   41",",,W","   27",",,W","   60",",,W",,,,,,,,,,,,,,,,,,,,,,,,,,,,,,,,,,,,,,,,,,,,,,,,,,,,,,,,,,,,,,,,,,,,
"USW00094728","2020-01-24","40.77898","-73.96925","42.7","NY CITY CENTRAL PARK, NY US","    0",",,W,2400","    0",",,W,2400","    0",",,W,2400","  106",",,W","   28",",,W",,,,,"  -50",",,W","10268",",,W","10220",",,W","   22",",,W",,,,,,,,,,,,,,,,,,,,,,,"   47",",,W","   27",",,W","   73",",,W",,,,,,,,,,,,,,,,,,,,,,,,,,,,,,,,,,,,,,,,,,,,,,,,,,,,,,,,,,,,,,,,,,,,
"USW00094728","2020-01-25","40.77898","-73.96925","42.7","NY CITY CENTRAL PARK, NY US","  216",",,W,2400","    0",",,W,2400","    0",",,W,2400","  106",",,W","   33",",,W",,,,,"   44",",,W","10135",",,W","10075",",,W","   56",",,W",,,,,,,,,,,,,,,,,,,,,,,"   89",",,W","   76",",,W","   97",",,W",,,,,,,,,,,,,,,,,,,,,,,,,,,,,,,"    1",",,W",,,,,,,,,,,,,,,,,,,,,,,,,,,,,,,,,,,,
"USW00094728","2020-01-26","40.77898","-73.96925","42.7","NY CITY CENTRAL PARK, NY US","    0",",,W,2400","    0",",,W,2400","    0",",,W,2400","   78",",,W","   33",",,W",,,,,"  -11",",,W","10085",",,W","10034",",,W","   28",",,W",,,,,,,,,,,,,,,,,,,,,,,"   64",",,W","   47",",,W","   86",",,W",,,,,,,,,,,,,,,,,,,,,,,,,,,,,,,,,,,,,,,,,,,,,,,,,,,,,,,,,,,,,,,,,,,,
"USW00094728","2020-01-27","40.77898","-73.96925","42.7","NY CITY CENTRAL PARK, NY US","    0",",,W,2400","    0",",,W,2400","    0",",,W,2400","   72",",,W","   28",",,W",,,,,"  -28",",,W","10058",",,W","10010",",,W","   17",",,W","   28",",,W",,,,,,,,,,,,,,,,,,,,,"   60",",,W","   49",",,W","   70",",,W",,,,,,,,,"  300",",,W","  310",",,W",,,,,,,,,,,"   45",",,W","   76",",,W",,,,,,,,,,,,,,,,,,,,,,,,,,,,,,,,,,,,,,,,,,
"USW00094728","2020-01-28","40.77898","-73.96925","42.7","NY CITY CENTRAL PARK, NY US","    0",",,W,2400","    0",",,W,2400","    0",",,W,2400","   61",",,W","   28",",,W",,,,,"  -44",",,W","10098",",,W","10051",",,W","    6",",,W","   38",",,W",,,,,,,,,,,,,,,,,,,,,"   55",",,W","   49",",,W","   60",",,W",,,,,,,,,"  300",",,W","  290",",,W",,,,,,,,,,,"   67",",,W","  125",",,W",,,,,,,,,,,,,,,,,,,,,,,,,,,,,,,,,,,,,,,,,,
"USW00094728","2020-01-29","40.77898","-73.96925","42.7","NY CITY CENTRAL PARK, NY US","    0",",,W,2400","    0",",,W,2400","    0",",,W,2400","   50",",,W","   -5",",,W",,,,,"  -89",",,W","10179",",,W","10129",",,W","  -17",",,W","   30",",,W",,,,,,,,,,,,,,,,,,,,,"   44",",,W","   35",",,W","   52",",,W",,,,,,,,,"   10",",,W","  310",",,W",,,,,,,,,,,"   63",",,W","  107",",,W",,,,,,,,,,,,,,,,,,,,,,,,,,,,,,,,,,,,,,,,,,
"USW00094728","2020-01-30","40.77898","-73.96925","42.7","NY CITY CENTRAL PARK, NY US","    0",",,W,2400","    0",",,W,2400","    0",",,W,2400","   33",",,W","  -38",",,W",,,,,"  -89",",,W","10257",",,W","10200",",,W","  -28",",,W","   19",",,W",,,,,,,,,,,,,,,,,,,,,"   54",",,W","   40",",,W","   70",",,W",,,,,,,,,"   40",",,W","   20",",,W",,,,,,,,,,,"   58",",,W","   76",",,W",,,,,,,,,,,,,,,,,,,,,,,,,,,,,,,,,,,,,,,,,,
"USW00094728","2020-01-31","40.77898","-73.96925","42.7","NY CITY CENTRAL PARK, NY US","    5",",,W,2400","    0",",,W,2400","    0",",,W,2400","   67",",,W","    6",",,W",,,,,"  -11",",,W","10254",",,W","10207",",,W","   22",",,W","   17",",,W",,,,,,,,,,,,,,,,,,,,,"   71",",,W","   63",",,W","   93",",,W",,,,,,,,,"  110",",,W","  130",",,W",,,,,,,,,,,"   36",",,W","   49",",,W",,,,,"    1",",,W",,,,,,,,,,,,,,,,,,,,,,,,,,,,,,,,,,,,
"USW00094728","2020-02-01","40.77898","-73.96925","42.7","NY CITY CENTRAL PARK, NY US","    0","T,,W,2400","    0",",,W,2400","    0",",,W,2400","   61",",,W","   28",",,W",,,,,"   17",",,W","10119",",,W","10071",",,W","   33",",,W","    9",",,W",,,,,,,,,,,,,,,,,,,,,"   79",",,W","   67",",,W","   89",",,W",,,,,,,,,"  300",",,W","  300",",,W",,,,,,,,,,,"   36",",,W","   45",",,W",,,,,"    1",",,W",,,,,,,,,,,,,"    1",",,W",,,,,,,,,,,,,,,,,,,,,,
"USW00094728","2020-02-02","40.77898","-73.96925","42.7","NY CITY CENTRAL PARK, NY US","   18",",,W,2400","    0","T,,W,2400","    0",",,W,2400","   72",",,W","   17",",,W",,,,,"   -6",",,W","10017",",,W"," 9966",",,W","   17",",,W","   22",",,W",,,,,,,,,,,,,,,,,,,,,"   75",",,W","   49",",,W","   89",",,W",,,,,,,,,"  230",",,W","  240",",,W",,,,,,,,,,,"   81",",,W","  121",",,W",,,,,"    1",",,W",,,,,,,,,,,,,,,,,,,,,,,,,,,,,,,,,,,,
"USW00094728","2020-02-03","40.77898","-73.96925","42.7","NY CITY CENTRAL PARK, NY US","    0",",,W,2400","    0",",,W,2400","    0",",,W,2400","  139",",,W","   28",",,W",,,,,"    6",",,W","10091",",,W","10037",",,W","   56",",,W","   25",",,W",,,,,,,,,,,,,,,,,,,,,"   58",",,W","   39",",,W","   83",",,W",,,,,,,,,"  250",",,W","  260",",,W",,,,,,,,,,,"   63",",,W","   81",",,W",,,,,"    1",",,W",,,,,,,,,,,,,,,,,,,,,,,,,,,,,,,,,,,,
"USW00094728","2020-02-04","40.77898","-73.96925","42.7","NY CITY CENTRAL PARK, NY US","    0","T,,W,2400","    0",",,W,2400","    0",",,W,2400","  161",",,W","   61",",,W",,,,,"   56",",,W","10088",",,W","10037",",,W","   83",",,W","   15",",,W",,,,,,,,,,,,,,,,,,,,,"   71",",,W","   60",",,W","   82",",,W",,,,,,,,,"  230",",,W","  240",",,W",,,,,,,,,,,"   40",",,W","   67",",,W",,,,,,,,,,,,,,,,,,,,,,,,,,,,,,,,,,,,,,,,,,
"USW00094728","2020-02-05","40.77898","-73.96925","42.7","NY CITY CENTRAL PARK, NY US","    0","T,,W,2400","    0",",,W,2400","    0",",,W,2400","  128",",,W","   39",",,W",,,,,"  -28",",,W","10152",",,W","10095",",,W","   22",",,W","   26",",,W",,,,,,,,,,,,,,,,,,,,,"   57",",,W","   38",",,W","   86",",,W",,,,,,,,,"  360",",,W","   20",",,W",,,,,,,,,,,"   63",",,W","   89",",,W",,,,,"    1",",,W",,,,,,,,,,,,,,,,,,,,,,,,,,,,,,,,,,,,
"USW00094728","2020-02-06","40.77898","-73.96925","42.7","NY CITY CENTRAL PARK, NY US","  130",",,W,2400","    0",",,W,2400","    0",",,W,2400","   50",",,W","   17",",,W",,,,,"   28",",,W","10034",",,W"," 9986",",,W","   33",",,W","   31",",,W",,,,,,,,,,,,,,,,,,,,,"   92",",,W","   53",",,W","   97",",,W",,,,,,,,,"   60",",,W","   40",",,W",,,,,,,,,,,"   67",",,W","   85",",,W",,,,,"    1",",,W",,,,,,,,,,,,,,,,,,,,,,,,,,,,,,,,,,,,
"USW00094728","2020-02-07","40.77898","-73.96925","42.7","NY CITY CENTRAL PARK, NY US","   64",",,W,2400","    0","T,,W,2400","    0",",,W,2400","  133",",,W","    6",",,W",,,,,"    6",",,W"," 9909",",,W"," 9821",",,W","   28",",,W","   43",",,W",,,,,,,,,,,,,,,,,,,,,"   76",",,W","   48",",,W","   97",",,W",,,,,,,,,"  280",",,W","  290",",,W",,,,,,,,,,,"  107",",,W","  206",",,W",,,,,"    1",",,W",,,,,,,,,,,,,,,,,,,,,,,,,,,,,,,,,,,,
"USW00094728","2020-02-08","40.77898","-73.96925","42.7","NY CITY CENTRAL PARK, NY US","    0",",,W,2400","    0",",,W,2400","    0",",,W,2400","   50",",,W","  -10",",,W",,,,,"  -83",",,W","10207",",,W","10156",",,W","  -17",",,W","   33",",,W",,,,,,,,,,,,,,,,,,,,,"   47",",,W","   41",",,W","   70",",,W",,,,,,,,,"  290",",,W","  270",",,W",,,,,,,,,,,"   81",",,W","  125",",,W",,,,,,,,,,,,,,,,,,,,,,,,,,,,,,,,,,,,,,,,,,
"USW00094728","2020-02-09","40.77898","-73.96925","42.7","NY CITY CENTRAL PARK, NY US","    0",",,W,2400","    0",",,W,2400","    0",",,W,2400","   67",",,W","   -5",",,W",,,,,"  -22",",,W","10312",",,W","10257",",,W","   11",",,W","   26",",,W",,,,,,,,,,,,,,,,,,,,,"   69",",,W","   53",",,W","   79",",,W",,,,,,,,,"  250",",,W","  250",",,W",,,,,,,,,,,"   58",",,W","   89",",,W",,,,,,,,,,,,,,,,,,,,,,,,,,,,,,,,,,,,,,,,,,
"USW00094728","2020-02-10","40.77898","-73.96925","42.7","NY CITY CENTRAL PARK, NY US","   94",",,W,2400","    0",",,W,2400","    0",",,W,2400","   83",",,W","   56",",,W",,,,,"   28",",,W","10210",",,W","10169",",,W","   50",",,W","   28",",,W",,,,,,,,,,,,,,,,,,,,,"   79",",,W","   56",",,W","   93",",,W",,,,,,,,,"  230",",,W","  240",",,W",,,,,,,,,,,"   63",",,W","  103",",,W",,,,,"    1",",,W",,,,,,,,,,,,,,,,,,,,,,,,,,,,,,,,,,,,
"USW00094728","2020-02-11","40.77898","-73.96925","42.7","NY CITY CENTRAL PARK, NY US","   71",",,W,2400","    0",",,W,2400","    0",",,W,2400","   89",",,W","   61",",,W",,,,,"   56",",,W","10139",",,W","10095",",,W","   72",",,W","   16",",,W",,,,,,,,,,,,,,,,,,,,,"   85",",,W","   63",",,W","   97",",,W",,,,,,,,,"  300",",,W","  300",",,W",,,,,,,,,,,"   63",",,W","   94",",,W",,,,,"    1",",,W",,,,,,,,,,,,,,,,,,,,,,,,,,,,,,,,,,,,
"USW00094728","2020-02-12","40.77898","-73.96925","42.7","NY CITY CENTRAL PARK, NY US","   33",",,W,2400","    0",",,W,2400","    0",",,W,2400","   78",",,W","   28",",,W",,,,,"  -33",",,W","10193",",,W","10146",",,W","   22",",,W","   24",",,W",,,,,,,,,,,,,,,,,,,,,"   52",",,W","   37",",,W","   89",",,W",,,,,,,,,"  300",",,W","  300",",,W",,,,,,,,,,,"   72",",,W","  121",",,W",,,,,"    1",",,W",,,,,,,,,,,,,,,,,,,,,,,,,,,,,,,,,,,,
"USW00094728","2020-02-13","40.77898","-73.96925","42.7","NY CITY CENTRAL PARK, NY US","   99",",,W,2400","    0",",,W,2400","    0",",,W,2400","   67",",,W","   28",",,W",,,,,"   17",",,W","10085",",,W","10014",",,W","   33",",,W","   19",",,W",,,,,,,,,,,,,,,,,,,,,"   82",",,W","   58",",,W","   97",",,W",,,,,,,,,"  290",",,W","  280",",,W",,,,,,,,,,,"   63",",,W","  112",",,W",,,,,"    1",",,W",,,,,,,,,,,,,,,,,,,,,,,,,,,,,,,,,,,,
"USW00094728","2020-02-14","40.77898","-73.96925","42.7","NY CITY CENTRAL PARK, NY US","    0",",,W,2400","    0",",,W,2400","    0",",,W,2400","   44",",,W","  -77",",,W",,,,," -133",",,W","10251",",,W","10200",",,W","  -44",",,W","   33",",,W",,,,,,,,,,,,,,,,,,,,,"   41",",,W","   28",",,W","   65",",,W",,,,,,,,,"  300",",,W","  300",",,W",,,,,,,,,,,"   89",",,W","  143",",,W",,,,,,,,,,,,,,,,,,,,,,,,,,,,,,,,,,,,,,,,,,
"USW00094728","2020-02-15","40.77898","-73.96925","42.7","NY CITY CENTRAL PARK, NY US","    0",",,W,2400","    0",",,W,2400","    0",",,W,2400","   -5",",,W","  -99",",,W",,,,," -144",",,W","10339",",,W","10295",",,W","  -72",",,W","   22",",,W",,,,,,,,,,,,,,,,,,,,,"   49",",,W","   36",",,W","   63",",,W",,,,,,,,,"  220",",,W","  240",",,W",,,,,,,,,,,"   76",",,W","  107",",,W",,,,,,,,,,,,,,,,,,,,,,,,,,,,,,,,,,,,,,,,,,
"USW00094728","2020-02-16","40.77898","-73.96925","42.7","NY CITY CENTRAL PARK, NY US","    0",",,W,2400","    0",",,W,2400","    0",",,W,2400","   67",",,W","  -10",",,W",,,,,"  -50",",,W","10213",",,W","10163",",,W","    0",",,W","   25",",,W",,,,,,,,,,,,,,,,,,,,,"   57",",,W","   45",",,W","   73",",,W",,,,,,,,,"  220",",,W","  220",",,W",,,,,,,,,,,"   67",",,W","  103",",,W",,,,,,,,,,,,,,,,,,,,,,,,,,,,,,,,,,,,,,,,,,
"USW00094728","2020-02-17","40.77898","-73.96925","42.7","NY CITY CENTRAL PARK, NY US","    0",",,W,2400","    0",",,W,2400","    0",",,W,2400","  106",",,W","   33",",,W",,,,,"  -56",",,W","10240",",,W","10193",",,W","   17",",,W","   23",",,W",,,,,,,,,,,,,,,,,,,,,"   44",",,W","   27",",,W","   62",",,W",,,,,,,,,"   50",",,W","   50",",,W",,,,,,,,,,,"   76",",,W","  121",",,W",,,,,,,,,,,,,,,,,,,,,,,,,,,,,,,,,,,,,,,,,,
"USW00094728","2020-02-18","40.77898","-73.96925","42.7","NY CITY CENTRAL PARK, NY US","    0","T,,W,2400","    0",",,W,2400","    0",",,W,2400","   83",",,W","   33",",,W",,,,,"   11",",,W","10220",",,W","10186",",,W","   39",",,W","   28",",,W",,,,,,,,,,,,,,,,,,,,,"   76",",,W","   51",",,W","   93",",,W",,,,,,,,,"   80",",,W","  100",",,W",,,,,,,,,,,"   67",",,W","   94",",,W",,,,,"    1",",,W",,,,,,,,,,,,,"    1",",,W",,,,,,,,,,,,,,,,,,,,,,
"USW00094728","2020-02-19","40.77898","-73.96925","42.7","NY CITY CENTRAL PARK, NY US","    0",",,W,2400","    0",",,W,2400","    0",",,W,2400","   89",",,W","    0",",,W",,,,,"  -67",",,W","10230",",,W","10179",",,W","   17",",,W","   33",",,W",,,,,,,,,,,,,,,,,,,,,"   42",",,W","   22",",,W","   83",",,W",,,,,,,,,"  300",",,W","  310",",,W",,,,,,,,,,,"   76",",,W","  121",",,W",,,,,"    1",",,W",,,,,,,,,,,,,"    1",",,W",,,,,,,,,,,,,,,,,,,,,,
"USW00094728","2020-02-20","40.77898","-73.96925","42.7","NY CITY CENTRAL PARK, NY US","    0",",,W,2400","    0",",,W,2400","    0",",,W,2400","   17",",,W","  -32",",,W",,,,," -128",",,W","10301",",,W","10251",",,W","  -39",",,W","   26",",,W",,,,,,,,,,,,,,,,,,,,,"   39",",,W","   31",",,W","   50",",,W",,,,,,,,,"  260",",,W","  340",",,W",,,,,,,,,,,"   67",",,W","   98",",,W",,,,,,,,,,,,,,,,,,,,,,,,,,,,,,,,,,,,,,,,,,
"USW00094728","2020-02-21","40.77898","-73.96925","42.7","NY CITY CENTRAL PARK, NY US","    0",",,W,2400","    0",",,W,2400","    0",",,W,2400","   17",",,W","  -66",",,W",,,,," -161",",,W","10305",",,W","10254",",,W","  -56",",,W","   24",",,W",,,,,,,,,,,,,,,,,,,,,"   35",",,W","   19",",,W","   57",",,W",,,,,,,,,"  350",",,W","  330",",,W",,,,,,,,,,,"   67",",,W","   94",",,W",,,,,,,,,,,,,,,,,,,,,,,,,,,,,,,,,,,,,,,,,,
"USW00094728","2020-02-22","40.77898","-73.96925","42.7","NY CITY CENTRAL PARK, NY US","    0",",,W,2400","    0",",,W,2400","    0",",,W,2400","  100",",,W","  -10",",,W",,,,," -139",",,W","10237",",,W","10186",",,W","  -11",",,W","   28",",,W",,,,,,,,,,,,,,,,,,,,,"   26",",,W","   16",",,W","   40",",,W",,,,,,,,,"  240",",,W","  220",",,W",,,,,,,,,,,"   63",",,W","  103",",,W",,,,,,,,,,,,,,,,,,,,,,,,,,,,,,,,,,,,,,,,,,
"USW00094728","2020-02-23","40.77898","-73.96925","42.7","NY CITY CENTRAL PARK, NY US","    0",",,W,2400","    0",",,W,2400","    0",",,W,2400","  133",",,W","   39",",,W",,,,," -122",",,W","10210",",,W","10159",",,W","   17",",,W","   20",",,W",,,,,,,,,,,,,,,,,,,,,"   22",",,W","   15",",,W","   29",",,W",,,,,,,,,"  230",",,W","  230",",,W",,,,,,,,,,,"   58",",,W","   89",",,W",,,,,,,,,,,,,,,,,,,,,,,,,,,,,,,,,,,,,,,,,,
"USW00094728","2020-02-24","40.77898","-73.96925","42.7","NY CITY CENTRAL PARK, NY US","    0",",,W,2400","    0",",,W,2400","    0",",,W,2400","  167",",,W","   50",",,W",,,,,"  -33",",,W","10166",",,W","10112",",,W","   50",",,W","   13",",,W",,,,,,,,,,,,,,,,,,,,,"   43",",,W","   16",",,W","   64",",,W",,,,,,,,,"  140",",,W","  140",",,W",,,,,,,,,,,"   54",",,W","   67",",,W",,,,,,,,,,,,,,,,,,,,,,,,,,,,,,,,,,,,,,,,,,
"USW00094728","2020-02-25","40.77898","-73.96925","42.7","NY CITY CENTRAL PARK, NY US","   36",",,W,2400","    0",",,W,2400","    0",",,W,2400","  117",",,W","   78",",,W",,,,,"   56",",,W","10115",",,W","10068",",,W","   72",",,W","   17",",,W",,,,,,,,,,,,,,,,,,,,,"   79",",,W","   54",",,W","   93",",,W",,,,,,,,,"   60",",,W","  220",",,W",,,,,,,,,,,"   54",",,W","   76",",,W",,,,,"    1",",,W",,,,,,,,,,,,,"    1",",,W",,,,,,,,,,,,,,,,,,,,,,
"USW00094728","2020-02-26","40.77898","-73.96925","42.7","NY CITY CENTRAL PARK, NY US","    0","T,,W,2400","    0",",,W,2400","    0",",,W,2400","   89",",,W","   61",",,W",,,,,"   61",",,W","10112",",,W","10068",",,W","   72",",,W","   32",",,W",,,,,,,,,,,,,,,,,,,,,"   90",",,W","   54",",,W","   97",",,W",,,,,,,,,"  100",",,W","  120",",,W",,,,,,,,,,,"   63",",,W","  103",",,W",,,,,"    1",",,W",,,,,,,,,,,,,,,,,,,,,,,,,,,,,,,,,,,,
"USW00094728","2020-02-27","40.77898","-73.96925","42.7","NY CITY CENTRAL PARK, NY US","  102",",,W,2400","    0",",,W,2400","    0",",,W,2400","   61",",,W","   -5",",,W",,,,,"  -50",",,W","10010",",,W"," 9949",",,W","   11",",,W","   57",",,W",,,,,,,,,,,,,,,,,,,,,"   57",",,W","   33",",,W","   97",",,W",,,,,,,,,"  280",",,W","  290",",,W",,,,,,,,,,,"  125",",,W","  197",",,W",,,,,"    1",",,W",,,,,,,,,,,,,,,,,,,,,,,,,,,,,,,,,,,,
"USW00094728","2020-02-28","40.77898","-73.96925","42.7","NY CITY CENTRAL PARK, NY US","    0",",,W,2400","    0",",,W,2400","    0",",,W,2400","   56",",,W","  -16",",,W",,,,," -128",",,W","10098",",,W","10047",",,W","  -28",",,W","   44",",,W",,,,,,,,,,,,,,,,,,,,,"   35",",,W","   24",",,W","   51",",,W",,,,,,,,,"  270",",,W","  230",",,W",,,,,,,,,,,"   94",",,W","  152",",,W",,,,,,,,,,,,,,,,,,,,,,,,,,,,,,,,,,,,,,,,,,
"USW00094728","2020-02-29","40.77898","-73.96925","42.7","NY CITY CENTRAL PARK, NY US","    0",",,W,2400","    0",",,W,2400","    0",",,W,2400","   17",",,W","  -38",",,W",,,,," -133",",,W","10125",",,W","10064",",,W","  -44",",,W","   39",",,W",,,,,,,,,,,,,,,,,,,,,"   38",",,W","   32",",,W","   45",",,W",,,,,,,,,"  300",",,W","  330",",,W",,,,,,,,,,,"   81",",,W","  134",",,W",,,,,,,,,,,,,,,,,,,,,,,,,,,,,,,,,,,,,,,,,,
"USW00094728","2020-03-01","40.77898","-73.96925","42.7","NY CITY CENTRAL PARK, NY US","    0",",,W,2400","    0",",,W,2400","    0",",,W,2400","   67",",,W","  -38",",,W",,,,," -106",",,W","10193",",,W","10149",",,W","  -22",",,W","   27",",,W",,,,,,,,,,,,,,,,,,,,,"   43",",,W","   28",",,W","   76",",,W",,,,,,,,,"  280",",,W","  270",",,W",,,,,,,,,,,"   67",",,W","  112",",,W",,,,,,,,,,,,,,,,,,,,,,,,,,,,,,,,,,,,,,,,,,
"USW00094728","2020-03-02","40.77898","-73.96925","42.7","NY CITY CENTRAL PARK, NY US","    0",",,W,2400","    0",",,W,2400","    0",",,W,2400","  144",",,W","   44",",,W",,,,,"  -17",",,W","10139",",,W","10102",",,W","   50",",,W","   29",",,W",,,,,,,,,,,,,,,,,,,,,"   46",",,W","   32",",,W","   70",",,W",,,,,,,,,"  220",",,W","  220",",,W",,,,,,,,,,,"   67",",,W","  103",",,W",,,,,,,,,,,,,,,,,,,,,,,,,,,,,,,,,,,,,,,,,,
"USW00094728","2020-03-03","40.77898","-73.96925","42.7","NY CITY CENTRAL PARK, NY US","   66",",,W,2400","    0",",,W,2400","    0",",,W,2400","  150",",,W","   94",",,W",,,,,"   67",",,W","10041",",,W","10000",",,W","   89",",,W","   27",",,W",,,,,,,,,,,,,,,,,,,,,"   75",",,W","   55",",,W","   90",",,W",,,,,,,,,"  260",",,W","  280",",,W",,,,,,,,,,,"   89",",,W","  143",",,W",,,,,"    1",",,W",,,,,,,,,,,,,,,,,,,,,,,,,,,,,,,,,,,,
"USW00094728","2020-03-04","40.77898","-73.96925","42.7","NY CITY CENTRAL PARK, NY US","    0","T,,W,2400","    0",",,W,2400","    0",",,W,2400","  133",",,W","   72",",,W",,,,,"  -17",",,W","10071",",,W","10024",",,W","   50",",,W","   46",",,W",,,,,,,,,,,,,,,,,,,,,"   46",",,W","   28",",,W","   69",",,W",,,,,,,,,"  280",",,W","  280",",,W",,,,,,,,,,,"   98",",,W","  157",",,W",,,,,,,,,,,,,,,,,,,,,,,,,,,,,,,,,,,,,,,,,,
"USW00094728","2020-03-05","40.77898","-73.96925","42.7","NY CITY CENTRAL PARK, NY US","    0",",,W,2400","    0",",,W,2400","    0",",,W,2400","  106",",,W","   39",",,W",,,,,"  -33",",,W","10183",",,W","10135",",,W","   28",",,W","   24",",,W",,,,,,,,,,,,,,,,,,,,,"   49",",,W","   30",",,W","   71",",,W",,,,,,,,,"  300",",,W","  310",",,W",,,,,,,,,,,"   67",",,W","  103",",,W",,,,,,,,,,,,,,,,,,,,,,,,,,,,,,,,,,,,,,,,,,
"USW00094728","2020-03-06","40.77898","-73.96925","42.7","NY CITY CENTRAL PARK, NY US","   94",",,W,2400","    0",",,W,2400","    0",",,W,2400","   72",",,W","   28",",,W",,,,,"   17",",,W","10115",",,W","10068",",,W","   33",",,W","   34",",,W",,,,,,,,,,,,,,,,,,,,,"   79",",,W","   65",",,W","   93",",,W",,,,,,,,,"   30",",,W","   30",",,W",,,,,,,,,,,"   76",",,W","  130",",,W",,,,,"    1",",,W",,,,,,,,,,,,,,,,,,,,,,,,,,,,,,,,,,,,
"USW00094728","2020-03-07","40.77898","-73.96925","42.7","NY CITY CENTRAL PARK, NY US","    0",",,W,2400","    0",",,W,2400","    0",",,W,2400","   89",",,W","   22",",,W",,,,,"  -89",",,W","10220",",,W","10152",",,W","    6",",,W","   34",",,W",,,,,,,,,,,,,,,,,,,,,"   41",",,W","   15",",,W","   86",",,W",,,,,,,,,"   20",",,W","   10",",,W",,,,,,,,,,,"   76",",,W","  125",",,W",,,,,,,,,,,,,,,,,,,,,,,,,,,,,,,,,,,,,,,,,,
"USW00094728","2020-03-08","40.77898","-73.96925","42.7","NY CITY CENTRAL PARK, NY US","    0",",,W,2400","    0",",,W,2400","    0",",,W,2400","  150",",,W","   17",",,W",,,,,"  -94",",,W","10291",",,W","10240",",,W","   22",",,W","   30",",,W",,,,,,,,,,,,,,,,,,,,,"   29",",,W","   17",",,W","   40",",,W",,,,,,,,,"  240",",,W","  240",",,W",,,,,,,,,,,"   67",",,W","  103",",,W",,,,,,,,,,,,,,,,,,,,,,,,,,,,,,,,,,,,,,,,,,
"USW00094728","2020-03-09","40.77898","-73.96925","42.7","NY CITY CENTRAL PARK, NY US","    0",",,W,2400","    0",",,W,2400","    0",",,W,2400","  222",",,W","   83",",,W",,,,,"  -44",",,W","10261",",,W","10213",",,W","   67",",,W","   33",",,W",,,,,,,,,,,,,,,,,,,,,"   28",",,W","   16",",,W","   67",",,W",,,,,,,,,"  240",",,W","  230",",,W",,,,,,,,,,,"   67",",,W","  125",",,W",,,,,,,,,,,,,,,,,,,,,,,,,,,,,,,,,,,,,,,,,,
"USW00094728","2020-03-10","40.77898","-73.96925","42.7","NY CITY CENTRAL PARK, NY US","    0","T,,W,2400","    0",",,W,2400","    0",",,W,2400","  183",",,W","  122",",,W",,,,,"   50",",,W","10169",",,W","10122",",,W","  106",",,W","   34",",,W",,,,,,,,,,,,,,,,,,,,,"   50",",,W","   35",",,W","   62",",,W",,,,,,,,,"  240",",,W","  240",",,W",,,,,,,,,,,"   76",",,W","  121",",,W",,,,,,,,,,,,,,,,,,,,,,,,,,,,,,,,,,,,,,,,,,
"USW00094728","2020-03-11","40.77898","-73.96925","42.7","NY CITY CENTRAL PARK, NY US","    0",",,W,2400","    0",",,W,2400","    0",",,W,2400","  139",",,W","   61",",,W",,,,,"  -22",",,W","10186",",,W","10135",",,W","   50",",,W","   21",",,W",,,,,,,,,,,,,,,,,,,,,"   44",",,W","   29",",,W","   96",",,W",,,,,,,,,"  310",",,W","  310",",,W",,,,,,,,,,,"   76",",,W","  116",",,W",,,,,,,,,,,,,,,,,,,,,,,,,,,,,,,,,,,,,,,,,,
"USW00094728","2020-03-12","40.77898","-73.96925","42.7","NY CITY CENTRAL PARK, NY US","    8",",,W,2400","    0",",,W,2400","    0",",,W,2400","  100",",,W","   61",",,W",,,,,"   17",",,W","10203",",,W","10152",",,W","   56",",,W","   23",",,W",,,,,,,,,,,,,,,,,,,,,"   69",",,W","   40",",,W","   93",",,W",,,,,,,,,"   60",",,W","   50",",,W",,,,,,,,,,,"   54",",,W","   72",",,W",,,,,"    1",",,W",,,,,,,,,,,,,,,,,,,,,,,,,,,,,,,,,,,,
"USW00094728","2020-03-13","40.77898","-73.96925","42.7","NY CITY CENTRAL PARK, NY US","   66",",,W,2400","    0",",,W,2400","    0",",,W,2400","  211",",,W","   72",",,W",,,,,"   33",",,W","10122",",,W","10064",",,W","   89",",,W","   39",",,W",,,,,,,,,,,,,,,,,,,,,"   61",",,W","   15",",,W","   97",",,W",,,,,,,,,"  250",",,W","  260",",,W",,,,,,,,,,,"   94",",,W","  148",",,W",,,,,"    1",",,W",,,,,,,,,,,,,,,,,,,,,,,,,,,,,,,,,,,,
"USW00094728","2020-03-14","40.77898","-73.96925","42.7","NY CITY CENTRAL PARK, NY US","    0",",,W,2400","    0",",,W,2400","    0",",,W,2400","  139",",,W","   61",",,W",,,,,"  -67",",,W","10257",",,W","10207",",,W","   33",",,W","   33",",,W",,,,,,,,,,,,,,,,,,,,,"   33",",,W","   24",",,W","   42",",,W",,,,,,,,,"  300",",,W","  310",",,W",,,,,,,,,,,"   81",",,W","  134",",,W",,,,,,,,,,,,,,,,,,,,,,,,,,,,,,,,,,,,,,,,,,
"USW00094728","2020-03-15","40.77898","-73.96925","42.7","NY CITY CENTRAL PARK, NY US","    0",",,W,2400","    0",",,W,2400","    0",",,W,2400","  122",",,W","   44",",,W",,,,,"  -78",",,W","10305",",,W","10254",",,W","   17",",,W","   28",",,W",,,,,,,,,,,,,,,,,,,,,"   35",",,W","   21",",,W","   56",",,W",,,,,,,,,"   30",",,W","   20",",,W",,,,,,,,,,,"   67",",,W","   98",",,W",,,,,,,,,,,,,,,,,,,"    1",",,W",,,,,,,,,,,,,,,,,,,,,,
"USW00094728","2020-03-16","40.77898","-73.96925","42.7","NY CITY CENTRAL PARK, NY US","    0",",,W,2400","    0",",,W,2400","    0",",,W,2400","   72",",,W","    6",",,W",,,,,"  -67",",,W","10339",",,W","10281",",,W","    6",",,W","   40",",,W",,,,,,,,,,,,,,,,,,,,,"   48",",,W","   32",",,W","   73",",,W",,,,,,,,,"   40",",,W","   40",",,W",,,,,,,,,,,"   72",",,W","  116",",,W",,,,,,,,,,,,,,,,,,,,,,,,,,,,,,,,,,,,,,,,,,
"USW00094728","2020-03-17","40.77898","-73.96925","42.7","NY CITY CENTRAL PARK, NY US","   41",",,W,2400","    0",",,W,2400","    0",",,W,2400","  122",",,W","   50",",,W",,,,,"   39",",,W","10224",",,W","10169",",,W","   67",",,W","   19",",,W",,,,,,,,,,,,,,,,,,,,,"   73",",,W","   46",",,W","   93",",,W",,,,,,,,,"  260",",,W","  250",",,W",,,,,,,,,,,"   63",",,W","   94",",,W",,,,,"    1",",,W",,,,,,,,,,,,,"    1",",,W",,,,,,,,,,,,,,,,,,,,,,
"USW00094728","2020-03-18","40.77898","-73.96925","42.7","NY CITY CENTRAL PARK, NY US","    0","T,,W,2400","    0",",,W,2400","    0",",,W,2400","  122",",,W","   50",",,W",,,,,"  -28",",,W","10301",",,W","10251",",,W","   39",",,W","   20",",,W",,,,,,,,,,,,,,,,,,,,,"   46",",,W","   34",",,W","   61",",,W",,,,,,,,,"  140",",,W","  150",",,W",,,,,,,,,,,"   58",",,W","   85",",,W",,,,,,,,,,,,,,,,,,,,,,,,,,,,,,,,,,,,,,,,,,
"USW00094728","2020-03-19","40.77898","-73.96925","42.7","NY CITY CENTRAL PARK, NY US","  236",",,W,2400","    0",",,W,2400","    0",",,W,2400","  111",",,W","   50",",,W",,,,,"   56",",,W","10240",",,W","10200",",,W","   72",",,W","   21",",,W",,,,,,,,,,,,,,,,,,,,,"   84",",,W","   74",",,W","   96",",,W",,,,,,,,,"   70",",,W","   60",",,W",,,,,,,,,,,"   72",",,W","   94",",,W",,,,,"    1",",,W",,,,,,,,,,,,,,,,,,,,,,,,,,,,,,,,,,,,
"USW00094728","2020-03-20","40.77898","-73.96925","42.7","NY CITY CENTRAL PARK, NY US","    0","T,,W,2400","    0",",,W,2400","    0",",,W,2400","  250",",,W","   83",",,W",,,,,"   94",",,W","10135",",,W","10095",",,W","  122",",,W","   26",",,W",,,,,,,,,,,,,,,,,,,,,"   69",",,W","   41",",,W","   93",",,W",,,,,,,,,"  280",",,W","  250",",,W",,,,,,,,,,,"   81",",,W","  152",",,W",,,,,"    1",",,W",,,,,,,,,,,,,"    1",",,W",,,,,,,,,,,,,,,,,,,,,,
"USW00094728","2020-03-21","40.77898","-73.96925","42.7","NY CITY CENTRAL PARK, NY US","    0",",,W,2400","    0",",,W,2400","    0",",,W,2400","  183",",,W","   44",",,W",,,,,"  -67",",,W","10251",",,W","10203",",,W","   28",",,W","   35",",,W",,,,,,,,,,,,,,,,,,,,,"   36",",,W","   19",",,W","   58",",,W",,,,,,,,,"   40",",,W","   50",",,W",,,,,,,,,,,"   72",",,W","  103",",,W",,,,,,,,,,,,,,,,,,,,,,,,,,,,,,,,,,,,,,,,,,
"USW00094728","2020-03-22","40.77898","-73.96925","42.7","NY CITY CENTRAL PARK, NY US","    0",",,W,2400","    0",",,W,2400","    0",",,W,2400","   72",",,W","    6",",,W",,,,,"  -89",",,W","10369",",,W","10318",",,W","   -6",",,W","   45",",,W",,,,,,,,,,,,,,,,,,,,,"   41",",,W","   25",",,W","   59",",,W",,,,,,,,,"   50",",,W","   20",",,W",,,,,,,,,,,"   76",",,W","  112",",,W",,,,,,,,,,,,,,,,,,,,,,,,,,,,,,,,,,,,,,,,,,
"USW00094728","2020-03-23","40.77898","-73.96925","42.7","NY CITY CENTRAL PARK, NY US","  295",",,W,2400","    0","T,,W,2400","    0",",,W,2400","   50",",,W","   22",",,W",,,,,"    0",",,W","10251",",,W","10190",",,W","   22",",,W","   41",",,W",,,,,,,,,,,,,,,,,,,,,"   81",",,W","   19",",,W","   97",",,W",,,,,,,,,"   40",",,W","   30",",,W",,,,,,,,,,,"   89",",,W","  139",",,W",,,,,"    1",",,W",,,,,,,,,,,,,,,,,,,,,,,,,,,,,,,,,,,,
"USW00094728","2020-03-24","40.77898","-73.96925","42.7","NY CITY CENTRAL PARK, NY US","    0",",,W,2400","    0",",,W,2400","    0",",,W,2400","  128",",,W","   22",",,W",,,,,"    0",",,W","10196",",,W","10135",",,W","   39",",,W","   30",",,W",,,,,,,,,,,,,,,,,,,,,"   61",",,W","   43",",,W","   82",",,W",,,,,,,,,"   40",",,W","  300",",,W",,,,,,,,,,,"   67",",,W","   89",",,W",,,,,,,,,,,,,,,,,,,,,,,,,,,,,,,,,,,,,,,,,,
"USW00094728","2020-03-25","40.77898","-73.96925","42.7","NY CITY CENTRAL PARK, NY US","    3",",,W,2400","    0",",,W,2400","    0",",,W,2400","   72",",,W","   44",",,W",,,,,"   11",",,W","10176",",,W","10129",",,W","   39",",,W","   44",",,W",,,,,,,,,,,,,,,,,,,,,"   72",",,W","   62",",,W","   83",",,W",,,,,,,,,"   50",",,W","   60",",,W",,,,,,,,,,,"   98",",,W","  148",",,W",,,,,,,,,,,,,,,,,,,,,,,,,,,,,,,,,,,,,,,,,,
"USW00094728","2020-03-26","40.77898","-73.96925","42.7","NY CITY CENTRAL PARK, NY US","    0",",,W,2400","    0",",,W,2400","    0",",,W,2400","  156",",,W","   33",",,W",,,,,"    6",",,W","10146",",,W","10102",",,W","   50",",,W","   20",",,W",,,,,,,,,,,,,,,,,,,,,"   57",",,W","   41",",,W","   73",",,W",,,,,,,,,"   50",",,W","  220",",,W",,,,,,,,,,,"   63",",,W","   89",",,W",,,,,,,,,,,,,,,,,,,,,,,,,,,,,,,,,,,,,,,,,,
"USW00094728","2020-03-27","40.77898","-73.96925","42.7","NY CITY CENTRAL PARK, NY US","    0","T,,W,2400","    0",",,W,2400","    0",",,W,2400","  206",",,W","  100",",,W",,,,,"    0",",,W","10112",",,W","10064",",,W","   83",",,W","   22",",,W",,,,,,,,,,,,,,,,,,,,,"   42",",,W","   16",",,W","   77",",,W",,,,,,,,,"   60",",,W","   20",",,W",,,,,,,,,,,"   58",",,W","   89",",,W",,,,,,,,,,,,,,,,,,,,,,,,,,,,,,,,,,,,,,,,,,
"USW00094728","2020-03-28","40.77898","-73.96925","42.7","NY CITY CENTRAL PARK, NY US","  114",",,W,2400","    0",",,W,2400","    0",",,W,2400","  122",",,W","   67",",,W",,,,,"   22",",,W","10186",",,W","10139",",,W","   61",",,W","   33",",,W",,,,,,,,,,,,,,,,,,,,,"   71",",,W","   27",",,W","   97",",,W",,,,,,,,,"   70",",,W","   70",",,W",,,,,,,,,,,"   76",",,W","  112",",,W",,,,,"    1",",,W",,,,,,,,,,,,,,,,,,,,,,,,,,,,,,,,,,,,
"USW00094728","2020-03-29","40.77898","-73.96925","42.7","NY CITY CENTRAL PARK, NY US","   13",",,W,2400","    0",",,W,2400","    0",",,W,2400","   83",",,W","   67",",,W",,,,,"   67",",,W","10135",",,W","10091",",,W","   72",",,W","   52",",,W",,,,,,,,,,,,,,,,,,,,,"   95",",,W","   93",",,W","   97",",,W",,,,,,,,,"   60",",,W","   40",",,W",,,,,,,,,,,"   94",",,W","  130",",,W",,,,,"    1",",,W",,,,,,,,,,,,,,,,,,,,,,,,,,,,,,,,,,,,
"USW00094728","2020-03-30","40.77898","-73.96925","42.7","NY CITY CENTRAL PARK, NY US","   10",",,W,2400","    0",",,W,2400","    0",",,W,2400","  111",",,W","   50",",,W",,,,,"   50",",,W","10139",",,W","10091",",,W","   67",",,W","   21",",,W",,,,,,,,,,,,,,,,,,,,,"   83",",,W","   69",",,W","   93",",,W",,,,,,,,,"   50",",,W","   50",",,W",,,,,,,,,,,"   58",",,W","   72",",,W",,,,,"    1",",,W",,,,,,,,,,,,,,,,,,,,,,,,,,,,,,,,,,,,
"USW00094728","2020-03-31","40.77898","-73.96925","42.7","NY CITY CENTRAL PARK, NY US","   15",",,W,2400","    0",",,W,2400","    0",",,W,2400","   94",",,W","   50",",,W",,,,,"   17",",,W","10156",",,W","10108",",,W","   44",",,W","   30",",,W",,,,,,,,,,,,,,,,,,,,,"   72",",,W","   56",",,W","   93",",,W",,,,,,,,,"   50",",,W","   40",",,W",,,,,,,,,,,"   72",",,W","   94",",,W",,,,,"    1",",,W",,,,,,,,,,,,,,,,,,,,,,,,,,,,,,,,,,,,
"USW00094728","2020-04-01","40.77898","-73.96925","42.7","NY CITY CENTRAL PARK, NY US","    0",",,W,2400","    0",",,W,2400","    0",",,W,2400","  133",",,W","   33",",,W",,,,,"  -28",",,W","10088",",,W","10041",",,W","   39",",,W","   34",",,W",,,,,,,,,,,,,,,,,,,,,"   48",",,W","   31",",,W","   70",",,W",,,,,,,,,"   50",",,W","   40",",,W",,,,,,,,,,,"   76",",,W","  103",",,W",,,,,,,,,,,,,,,,,,,,,,,,,,,,,,,,,,,,,,,,,,
"USW00094728","2020-04-02","40.77898","-73.96925","42.7","NY CITY CENTRAL PARK, NY US","    0",",,W,2400","    0",",,W,2400","    0",",,W,2400","  144",",,W","   33",",,W",,,,,"  -28",",,W","10051",",,W","10003",",,W","   44",",,W","   42",",,W",,,,,,,,,,,,,,,,,,,,,"   44",",,W","   32",",,W","   60",",,W",,,,,,,,,"  300",",,W","  280",",,W",,,,,,,,,,,"   94",",,W","  157",",,W",,,,,,,,,,,,,,,,,,,,,,,,,,,,,,,,,,,,,,,,,,
"USW00094728","2020-04-03","40.77898","-73.96925","42.7","NY CITY CENTRAL PARK, NY US","   33",",,W,2400","    0",",,W,2400","    0",",,W,2400","  111",",,W","   72",",,W",,,,,"   39",",,W","10054",",,W","10014",",,W","   72",",,W","   39",",,W",,,,,,,,,,,,,,,,,,,,,"   69",",,W","   50",",,W","   80",",,W",,,,,,,,,"   10",",,W","   20",",,W",,,,,,,,,,,"   76",",,W","  112",",,W",,,,,,,,,,,,,,,,,,,,,,,,,,,,,,,,,,,,,,,,,,
"USW00094728","2020-04-04","40.77898","-73.96925","42.7","NY CITY CENTRAL PARK, NY US","    5",",,W,2400","    0",",,W,2400","    0",",,W,2400","  167",",,W","   78",",,W",,,,,"   44",",,W","10146",",,W","10102",",,W","   78",",,W","   19",",,W",,,,,,,,,,,,,,,,,,,,,"   67",",,W","   43",",,W","   89",",,W",,,,,,,,,"   40",",,W","   30",",,W",,,,,,,,,,,"   67",",,W","  103",",,W",,,,,"    1",",,W",,,,,,,,,,,,,,,,,,,,,,,,,,,,,,,,,,,,
"USW00094728","2020-04-05","40.77898","-73.96925","42.7","NY CITY CENTRAL PARK, NY US","    0",",,W,2400","    0",",,W,2400","    0",",,W,2400","  183",",,W","   83",",,W",,,,,"   61",",,W","10163",",,W","10112",",,W","   89",",,W","   11",",,W",,,,,,,,,,,,,,,,,,,,,"   69",",,W","   46",",,W","   83",",,W",,,,,,,,,"  140",",,W","  150",",,W",,,,,,,,,,,"   45",",,W","   72",",,W",,,,,,,,,,,,,,,,,,,,,,,,,,,,,,,,,,,,,,,,,,
"USW00094728","2020-04-06","40.77898","-73.96925","42.7","NY CITY CENTRAL PARK, NY US","   18",",,W,2400","    0",",,W,2400","    0",",,W,2400","  189",",,W","   94",",,W",,,,,"  -11",",,W","10152",",,W","10105",",,W","   72",",,W","   26",",,W",,,,,,,,,,,,,,,,,,,,,"   42",",,W","   15",",,W","   89",",,W",,,,,,,,,"  310",",,W","  320",",,W",,,,,,,,,,,"   58",",,W","   85",",,W",,,,,"    1",",,W",,,,,,,,,,,,,,,,,,,,,,,,,,,,,,,,,,,,
"USW00094728","2020-04-07","40.77898","-73.96925","42.7","NY CITY CENTRAL PARK, NY US","    0",",,W,2400","    0",",,W,2400","    0",",,W,2400","  200",",,W","  111",",,W",,,,,"  -17",",,W","10108",",,W","10061",",,W","   72",",,W","   17",",,W",,,,,,,,,,,,,,,,,,,,,"   36",",,W","   22",",,W","   60",",,W",,,,,,,,,"  150",",,W","  150",",,W",,,,,,,,,,,"   67",",,W","   94",",,W",,,,,,,,,,,,,,,,,,,,,,,,,,,,,,,,,,,,,,,,,,
"USW00094728","2020-04-08","40.77898","-73.96925","42.7","NY CITY CENTRAL PARK, NY US","   51",",,W,2400","    0",",,W,2400","    0",",,W,2400","  178",",,W","   94",",,W",,,,,"   83",",,W","10014",",,W"," 9959",",,W","  106",",,W","   17",",,W",,,,,,,,,,,,,,,,,,,,,"   72",",,W","   45",",,W","   93",",,W",,,,,,,,,"  350",",,W","  240",",,W",,,,,,,,,,,"   45",",,W","   72",",,W",,,,,"    1",",,W",,,,,,,,,,,,,"    1",",,W",,,,,,,,,,,,,,,,,,,,,,
"USW00094728","2020-04-09","40.77898","-73.96925","42.7","NY CITY CENTRAL PARK, NY US","   30",",,W,2400","    0",",,W,2400","    0",",,W,2400","  150",",,W","   61",",,W",,,,,"   33",",,W"," 9946",",,W"," 9881",",,W","   72",",,W","   35",",,W",,,,,,,,,,,,,,,,,,,,,"   65",",,W","   35",",,W","   89",",,W",,,,,,,,,"  300",",,W","  300",",,W",,,,,,,,,,,"  107",",,W","  174",",,W",,,,,"    1",",,W",,,"    1",",,W",,,,,,,,,,,,,,,,,,,,,,,,,,,,,,,,
"USW00094728","2020-04-10","40.77898","-73.96925","42.7","NY CITY CENTRAL PARK, NY US","    3",",,W,2400","    0","T,,W,2400","    0",",,W,2400","   94",",,W","   28",",,W",,,,,"  -33",",,W"," 9980",",,W"," 9915",",,W","   22",",,W","   45",",,W",,,,,,,,,,,,,,,,,,,,,"   51",",,W","   35",",,W","   76",",,W",,,,,,,,,"  280",",,W","  290",",,W",,,,,,,,,,,"  112",",,W","  174",",,W",,,,,,,,,,,,,,,,,,,,,,,,,,,,,,,,,,,,,,,,,,
"USW00094728","2020-04-11","40.77898","-73.96925","42.7","NY CITY CENTRAL PARK, NY US","    0",",,W,2400","    0",",,W,2400","    0",",,W,2400","  133",",,W","   33",",,W",,,,,"  -72",",,W","10132",",,W","10078",",,W","   28",",,W","   40",",,W",,,,,,,,,,,,,,,,,,,,,"   33",",,W","   23",",,W","   56",",,W",,,,,,,,,"  270",",,W","  300",",,W",,,,,,,,,,,"   81",",,W","  116",",,W",,,,,,,,,,,,,,,,,,,,,,,,,,,,,,,,,,,,,,,,,,
"USW00094728","2020-04-12","40.77898","-73.96925","42.7","NY CITY CENTRAL PARK, NY US","    0",",,W,2400","    0",",,W,2400","    0",",,W,2400","  172",",,W","   67",",,W",,,,,"    6",",,W","10200",",,W","10152",",,W","   72",",,W","   26",",,W",,,,,,,,,,,,,,,,,,,,,"   47",",,W","   27",",,W","   74",",,W",,,,,,,,,"  150",",,W","  150",",,W",,,,,,,,,,,"   72",",,W","  112",",,W",,,,,,,,,,,,,,,,,,,,,,,,,,,,,,,,,,,,,,,,,,
"USW00094728","2020-04-13","40.77898","-73.96925","42.7","NY CITY CENTRAL PARK, NY US","  488",",,W,2400","    0",",,W,2400","    0",",,W,2400","  194",",,W","  117",",,W",,,,,"  117",",,W","10068",",,W","10007",",,W","  128",",,W","   35",",,W",,,,,,,,,,,,,,,,,,,,,"   85",",,W","   49",",,W","  100",",,W",,,,,,,,,"  160",",,W","  200",",,W",,,,,,,,,,,"   81",",,W","  170",",,W",,,,,"    1",",,W",,,,,,,,,,,,,,,,,,,,,,,,,,,,,,,,,,,,
"USW00094728","2020-04-14","40.77898","-73.96925","42.7","NY CITY CENTRAL PARK, NY US","    0","T,,W,2400","    0",",,W,2400","    0",",,W,2400","  156",",,W","   83",",,W",,,,,"  -11",",,W","10163",",,W","10112",",,W","   56",",,W","   28",",,W",,,,,,,,,,,,,,,,,,,,,"   44",",,W","   29",",,W","   59",",,W",,,,,,,,,"  300",",,W","  280",",,W",,,,,,,,,,,"   67",",,W","  107",",,W",,,,,,,,,,,,,,,,,,,,,,,,,,,,,,,,,,,,,,,,,,
"USW00094728","2020-04-15","40.77898","-73.96925","42.7","NY CITY CENTRAL PARK, NY US","    0","T,,W,2400","    0",",,W,2400","    0",",,W,2400","  122",",,W","   56",",,W",,,,,"  -67",",,W","10159",",,W","10091",",,W","   22",",,W","   28",",,W",,,,,,,,,,,,,,,,,,,,,"   38",",,W","   20",",,W","   65",",,W",,,,,,,,,"  270",",,W","  270",",,W",,,,,,,,,,,"   63",",,W","  112",",,W",,,,,,,,,,,,,,,,,,,,,,,,,,,,,,,,,,,,,,,,,,
"USW00094728","2020-04-16","40.77898","-73.96925","42.7","NY CITY CENTRAL PARK, NY US","    0",",,W,2400","    0",",,W,2400","    0",",,W,2400","  100",",,W","   33",",,W",,,,,"  -72",",,W","10190",",,W","10139",",,W","   17",",,W","   41",",,W",,,,,,,,,,,,,,,,,,,,,"   39",",,W","   21",",,W","   62",",,W",,,,,,,,,"  270",",,W","  280",",,W",,,,,,,,,,,"   76",",,W","  134",",,W",,,,,,,,,,,,,,,,,,,,,,,,,,,,,,,,,,,,,,,,,,
"USW00094728","2020-04-17","40.77898","-73.96925","42.7","NY CITY CENTRAL PARK, NY US","   18",",,W,2400","    0",",,W,2400","    0",",,W,2400","  106",",,W","   22",",,W",,,,,"  -44",",,W","10213",",,W","10152",",,W","   22",",,W","   24",",,W",,,,,,,,,,,,,,,,,,,,,"   51",",,W","   26",",,W","   89",",,W",,,,,,,,,"  220",",,W","  220",",,W",,,,,,,,,,,"   63",",,W","   98",",,W",,,,,"    1",",,W",,,,,,,,,,,,,,,,,,,,,,,,,,,,,,,,,,,,
"USW00094728","2020-04-18","40.77898","-73.96925","42.7","NY CITY CENTRAL PARK, NY US","   56",",,W,2400","    0",",,W,2400","    0",",,W,2400","   78",",,W","   50",",,W",,,,,"   17",",,W","10105",",,W","10041",",,W","   44",",,W","   26",",,W",,,,,,,,,,,,,,,,,,,,,"   74",",,W","   51",",,W","   93",",,W",,,,,,,,,"  360",",,W","   10",",,W",,,,,,,,,,,"   63",",,W","   89",",,W",,,,,"    1",",,W",,,,,,,,,,,,,,,,,,,,,,,,,,,,,,,,,,,,
"USW00094728","2020-04-19","40.77898","-73.96925","42.7","NY CITY CENTRAL PARK, NY US","    0",",,W,2400","    0",",,W,2400","    0",",,W,2400","  172",",,W","   44",",,W",,,,,"  -17",",,W","10102",",,W","10051",",,W","   56",",,W","   33",",,W",,,,,,,,,,,,,,,,,,,,,"   41",",,W","   30",",,W","   55",",,W",,,,,,,,,"  230",",,W","  200",",,W",,,,,,,,,,,"   67",",,W","  116",",,W",,,,,,,,,,,,,,,,,,,,,,,,,,,,,,,,,,,,,,,,,,
"USW00094728","2020-04-20","40.77898","-73.96925","42.7","NY CITY CENTRAL PARK, NY US","    0",",,W,2400","    0",",,W,2400","    0",",,W,2400","  139",",,W","   89",",,W",,,,,"  -17",",,W","10044",",,W"," 9993",",,W","   56",",,W","   21",",,W",,,,,,,,,,,,,,,,,,,,,"   42",",,W","   30",",,W","   59",",,W",,,,,,,,,"   40",",,W","   50",",,W",,,,,,,,,,,"   58",",,W","   94",",,W",,,,,,,,,,,,,,,,,,,,,,,,,,,,,,,,,,,,,,,,,,
"USW00094728","2020-04-21","40.77898","-73.96925","42.7","NY CITY CENTRAL PARK, NY US","   46",",,W,2400","    0",",,W,2400","    0",",,W,2400","  161",",,W","   39",",,W",,,,,"   28",",,W","10017",",,W"," 9970",",,W","   67",",,W","   32",",,W",,,,,,,,,,,,,,,,,,,,,"   65",",,W","   42",",,W","   90",",,W",,,,,,,,,"  280",",,W","  280",",,W",,,,,,,,,,,"  103",",,W","  161",",,W",,,,,"    1",",,W",,,"    1",",,W",,,,,,,,,,,,,,,,,,,,,,,,,,,,,,,,
"USW00094728","2020-04-22","40.77898","-73.96925","42.7","NY CITY CENTRAL PARK, NY US","    0",",,W,2400","    0",",,W,2400","    0",",,W,2400","  106",",,W","   22",",,W",,,,," -106",",,W","10115",",,W","10064",",,W","    6",",,W","   36",",,W",,,,,,,,,,,,,,,,,,,,,"   30",",,W","   19",",,W","   44",",,W",,,,,,,,,"  280",",,W","  260",",,W",,,,,,,,,,,"   89",",,W","  139",",,W",,,,,,,,,,,,,,,,,,,,,,,,,,,,,,,,,,,,,,,,,,
"USW00094728","2020-04-23","40.77898","-73.96925","42.7","NY CITY CENTRAL PARK, NY US","   33",",,W,2400","    0",",,W,2400","    0",",,W,2400","  111",",,W","   44",",,W",,,,,"  -50",",,W","10166",",,W","10115",",,W","   22",",,W","   17",",,W",,,,,,,,,,,,,,,,,,,,,"   45",",,W","   32",",,W","   92",",,W",,,,,,,,,"   50",",,W","  110",",,W",,,,,,,,,,,"   40",",,W","   67",",,W",,,,,"    1",",,W",,,,,,,,,,,,,,,,,,,,,,,,,,,,,,,,,,,,
"USW00094728","2020-04-24","40.77898","-73.96925","42.7","NY CITY CENTRAL PARK, NY US","  122",",,W,2400","    0",",,W,2400","    0",",,W,2400","   94",",,W","   56",",,W",,,,,"   61",",,W","10085",",,W","10030",",,W","   72",",,W","   32",",,W",,,,,,,,,,,,,,,,,,,,,"   89",",,W","   50",",,W","   97",",,W",,,,,,,,,"   50",",,W","   70",",,W",,,,,,,,,,,"   76",",,W","  125",",,W",,,,,"    1",",,W",,,,,,,,,,,,,,,,,,,,,,,,,,,,,,,,,,,,
"USW00094728","2020-04-25","40.77898","-73.96925","42.7","NY CITY CENTRAL PARK, NY US","    0",",,W,2400","    0",",,W,2400","    0",",,W,2400","  183",",,W","   67",",,W",,,,,"   28",",,W","10169",",,W","10115",",,W","   78",",,W","   15",",,W",,,,,,,,,,,,,,,,,,,,,"   57",",,W","   28",",,W","   86",",,W",,,,,,,,,"  140",",,W","  160",",,W",,,,,,,,,,,"   63",",,W","   89",",,W",,,,,,,,,,,,,,,,,,,,,,,,,,,,,,,,,,,,,,,,,,
"USW00094728","2020-04-26","40.77898","-73.96925","42.7","NY CITY CENTRAL PARK, NY US","   56",",,W,2400","    0",",,W,2400","    0",",,W,2400","  106",",,W","   56",",,W",,,,,"   50",",,W","10112",",,W","10051",",,W","   67",",,W","   47",",,W",,,,,,,,,,,,,,,,,,,,,"   82",",,W","   64",",,W","   93",",,W",,,,,,,,,"   50",",,W","   50",",,W",,,,,,,,,,,"  116",",,W","  179",",,W",,,,,"    1",",,W",,,,,,,,,,,,,,,,,,,,,,,,,,,,,,,,,,,,
"USW00094728","2020-04-27","40.77898","-73.96925","42.7","NY CITY CENTRAL PARK, NY US","    0","T,,W,2400","    0",",,W,2400","    0",",,W,2400","  100",",,W","   39",",,W",,,,,"   22",",,W","10135",",,W","10085",",,W","   50",",,W","   33",",,W",,,,,,,,,,,,,,,,,,,,,"   72",",,W","   59",",,W","   93",",,W",,,,,,,,,"  360",",,W","  360",",,W",,,,,,,,,,,"   72",",,W","  107",",,W",,,,,"    1",",,W",,,,,,,,,,,,,,,,,,,,,,,,,,,,,,,,,,,,
"USW00094728","2020-04-28","40.77898","-73.96925","42.7","NY CITY CENTRAL PARK, NY US","    0",",,W,2400","    0",",,W,2400","    0",",,W,2400","  194",",,W","   50",",,W",,,,,"   11",",,W","10193",",,W","10146",",,W","   67",",,W","   17",",,W",,,,,,,,,,,,,,,,,,,,,"   56",",,W","   21",",,W","   90",",,W",,,,,,,,,"  280",",,W","  270",",,W",,,,,,,,,,,"   54",",,W","   89",",,W",,,,,,,,,,,,,,,,,,,,,,,,,,,,,,,,,,,,,,,,,,
"USW00094728","2020-04-29","40.77898","-73.96925","42.7","NY CITY CENTRAL PARK, NY US","    3",",,W,2400","    0",",,W,2400","    0",",,W,2400","  150",",,W","   83",",,W",,,,,"   61",",,W","10227",",,W","10179",",,W","   83",",,W","   30",",,W",,,,,,,,,,,,,,,,,,,,,"   74",",,W","   57",",,W","   90",",,W",,,,,,,,,"   60",",,W","   80",",,W",,,,,,,,,,,"   72",",,W","  103",",,W",,,,,,,,,,,,,,,,,,,,,,,,,,,,,,,,,,,,,,,,,,
"USW00094728","2020-04-30","40.77898","-73.96925","42.7","NY CITY CENTRAL PARK, NY US","  180",",,W,2400","    0",",,W,2400","    0",",,W,2400","  156",",,W","   94",",,W",,,,,"  111",",,W","10152",",,W","10119",",,W","  117",",,W","   41",",,W",,,,,,,,,,,,,,,,,,,,,"   88",",,W","   78",",,W","   96",",,W",,,,,,,,,"  130",",,W","  160",",,W",,,,,,,,,,,"   81",",,W","  161",",,W",,,,,"    1",",,W",,,,,,,,,,,,,,,,,,,,,,,,,,,,,,,,,,,,
"USW00094728","2020-05-01","40.77898","-73.96925","42.7","NY CITY CENTRAL PARK, NY US","   53",",,W,2400","    0",",,W,2400","    0",",,W,2400","  189",",,W","  117",",,W",,,,,"  100",",,W","10061",",,W","10014",",,W","  122",",,W","   17",",,W",,,,,,,,,,,,,,,,,,,,,"   78",",,W","   33",",,W","   97",",,W",,,,,,,,,"  300",",,W","  300",",,W",,,,,,,,,,,"   63",",,W","  103",",,W",,,,,"    1",",,W",,,,,,,,,,,,,,,,,,,,,,,,,,,,,,,,,,,,
"USW00094728","2020-05-02","40.77898","-73.96925","42.7","NY CITY CENTRAL PARK, NY US","    0","T,,W,2400","    0",",,W,2400","    0",",,W,2400","  228",",,W","  106",",,W",,,,,"   28",",,W","10132",",,W","10085",",,W","  100",",,W","   27",",,W",,,,,,,,,,,,,,,,,,,,,"   38",",,W","   24",",,W","   62",",,W",,,,,,,,,"  250",",,W","  280",",,W",,,,,,,,,,,"   67",",,W","  103",",,W",,,,,,,,,,,,,,,,,,,,,,,,,,,,,,,,,,,,,,,,,,
"USW00094728","2020-05-03","40.77898","-73.96925","42.7","NY CITY CENTRAL PARK, NY US","   10",",,W,2400","    0",",,W,2400","    0",",,W,2400","  267",",,W","  122",",,W",,,,,"   94",",,W","10068",",,W","10020",",,W","  139",",,W","   25",",,W",,,,,,,,,,,,,,,,,,,,,"   55",",,W","   31",",,W","   87",",,W",,,,,,,,,"  220",",,W","  220",",,W",,,,,,,,,,,"   63",",,W","   94",",,W",,,,,"    1",",,W",,,,,,,,,,,,,,,,,,,,,,,,,,,,,,,,,,,,
"USW00094728","2020-05-04","40.77898","-73.96925","42.7","NY CITY CENTRAL PARK, NY US","    0","T,,W,2400","    0",",,W,2400","    0",",,W,2400","  239",",,W","  100",",,W",,,,,"   28",",,W","10071",",,W","10007",",,W","  100",",,W","   26",",,W",,,,,,,,,,,,,,,,,,,,,"   41",",,W","   29",",,W","   65",",,W",,,,,,,,,"  290",",,W","  310",",,W",,,,,,,,,,,"   81",",,W","  165",",,W",,,,,,,,,,,,,,,,,,,,,,,,,,,,,,,,,,,,,,,,,,
"USW00094728","2020-05-05","40.77898","-73.96925","42.7","NY CITY CENTRAL PARK, NY US","    0",",,W,2400","    0",",,W,2400","    0",",,W,2400","  172",",,W","   78",",,W",,,,,"  -50",",,W","10122",",,W","10075",",,W","   56",",,W","   30",",,W",,,,,,,,,,,,,,,,,,,,,"   34",",,W","   16",",,W","   83",",,W",,,,,,,,,"  280",",,W","  250",",,W",,,,,,,,,,,"   63",",,W","   98",",,W",,,,,,,,,,,,,,,,,,,,,,,,,,,,,,,,,,,,,,,,,,
"USW00094728","2020-05-06","40.77898","-73.96925","42.7","NY CITY CENTRAL PARK, NY US","   15",",,W,2400","    0",",,W,2400","    0",",,W,2400","  111",",,W","   72",",,W",,,,,"   44",",,W","10098",",,W","10047",",,W","   72",",,W","   25",",,W",,,,,,,,,,,,,,,,,,,,,"   73",",,W","   57",",,W","   90",",,W",,,,,,,,,"   60",",,W","   60",",,W",,,,,,,,,,,"   63",",,W","   89",",,W",,,,,"    1",",,W",,,,,,,,,,,,,,,,,,,,,,,,,,,,,,,,,,,,
"USW00094728","2020-05-07","40.77898","-73.96925","42.7","NY CITY CENTRAL PARK, NY US","    0",",,W,2400","    0",",,W,2400","    0",",,W,2400","  194",",,W","   78",",,W",,,,,"  -17",",,W","10075",",,W","10027",",,W","   72",",,W","   27",",,W",,,,,,,,,,,,,,,,,,,,,"   38",",,W","   16",",,W","   77",",,W",,,,,,,,,"  290",",,W","  250",",,W",,,,,,,,,,,"   63",",,W","  103",",,W",,,,,,,,,,,,,,,,,,,,,,,,,,,,,,,,,,,,,,,,,,
"USW00094728","2020-05-08","40.77898","-73.96925","42.7","NY CITY CENTRAL PARK, NY US","  114",",,W,2400","    0",",,W,2400","    0",",,W,2400","  139",",,W","   22",",,W",,,,,"   11",",,W","10075",",,W","10037",",,W","   56",",,W","   19",",,W",,,,,,,,,,,,,,,,,,,,,"   65",",,W","   32",",,W","   93",",,W",,,,,,,,,"  300",",,W","  310",",,W",,,,,,,,,,,"   67",",,W","  116",",,W",,,,,"    1",",,W",,,,,,,,,,,,,,,,,,,,,,,,,,,,,,,,,,,,
"USW00094728","2020-05-09","40.77898","-73.96925","42.7","NY CITY CENTRAL PARK, NY US","    8",",,W,2400","    0","T,,W,2400","    0",",,W,2400","   89",",,W","   11",",,W",,,,,"  -61",",,W","10115",",,W","10061",",,W","    6",",,W","   40",",,W",,,,,,,,,,,,,,,,,,,,,"   46",",,W","   31",",,W","   89",",,W",,,,,,,,,"  280",",,W","  280",",,W",,,,,,,,,,,"   94",",,W","  161",",,W",,,,,"    1",",,W",,,,,,,,,,,,,,,,,,,,,,,,,,,,,,,,,,,,
"USW00094728","2020-05-10","40.77898","-73.96925","42.7","NY CITY CENTRAL PARK, NY US","    0",",,W,2400","    0",",,W,2400","    0",",,W,2400","  178",",,W","   39",",,W",,,,,"  -39",",,W","10169",",,W","10125",",,W","   50",",,W","   33",",,W",,,,,,,,,,,,,,,,,,,,,"   36",",,W","   22",",,W","   51",",,W",,,,,,,,,"  250",",,W","  230",",,W",,,,,,,,,,,"   81",",,W","  130",",,W",,,,,,,,,,,,,,,,,,,,,,,,,,,,,,,,,,,,,,,,,,
"USW00094728","2020-05-11","40.77898","-73.96925","42.7","NY CITY CENTRAL PARK, NY US","   13",",,W,2400","    0",",,W,2400","    0",",,W,2400","  161",",,W","   67",",,W",,,,,"   39",",,W","10112",",,W","10064",",,W","   78",",,W","   26",",,W",,,,,,,,,,,,,,,,,,,,,"   63",",,W","   41",",,W","   83",",,W",,,,,,,,,"  270",",,W","  240",",,W",,,,,,,,,,,"   89",",,W","  161",",,W",,,,,"    1",",,W",,,,,,,,,,,,,,,,,,,,,,,,,,,,,,,,,,,,
"USW00094728","2020-05-12","40.77898","-73.96925","42.7","NY CITY CENTRAL PARK, NY US","    0",",,W,2400","    0",",,W,2400","    0",",,W,2400","  150",",,W","   61",",,W",,,,,"  -50",",,W","10169",",,W","10119",",,W","   44",",,W","   35",",,W",,,,,,,,,,,,,,,,,,,,,"   35",",,W","   15",",,W","   65",",,W",,,,,,,,,"  280",",,W","  260",",,W",,,,,,,,,,,"   76",",,W","  130",",,W",,,,,,,,,,,,,,,,,,,,,,,,,,,,,,,,,,,,,,,,,,
"USW00094728","2020-05-13","40.77898","-73.96925","42.7","NY CITY CENTRAL PARK, NY US","    0",",,W,2400","    0",",,W,2400","    0",",,W,2400","  178",",,W","   50",",,W",,,,,"  -56",",,W","10251",",,W","10200",",,W","   44",",,W","   24",",,W",,,,,,,,,,,,,,,,,,,,,"   32",",,W","   18",",,W","   55",",,W",,,,,,,,,"  280",",,W","  280",",,W",,,,,,,,,,,"   58",",,W","  103",",,W",,,,,,,,,,,,,,,,,,,,,,,,,,,,,,,,,,,,,,,,,,
"USW00094728","2020-05-14","40.77898","-73.96925","42.7","NY CITY CENTRAL PARK, NY US","    0","T,,W,2400","    0",",,W,2400","    0",",,W,2400","  194",",,W","   83",",,W",,,,,"   11",",,W","10230",",,W","10190",",,W","   89",",,W","   10",",,W",,,,,,,,,,,,,,,,,,,,,"   42",",,W","   22",",,W","   67",",,W",,,,,,,,,"  160",",,W","  130",",,W",,,,,,,,,,,"   45",",,W","   85",",,W",,,,,,,,,,,,,,,,,,,,,,,,,,,,,,,,,,,,,,,,,,
"USW00094728","2020-05-15","40.77898","-73.96925","42.7","NY CITY CENTRAL PARK, NY US","   18",",,W,2400","    0",",,W,2400","    0",",,W,2400","  289",",,W","  156",",,W",,,,,"  139",",,W","10129",",,W","10085",",,W","  172",",,W","   22",",,W",,,,,,,,,,,,,,,,,,,,,"   62",",,W","   40",",,W","   87",",,W",,,,,,,,,"  260",",,W","  220",",,W",,,,,,,,,,,"   63",",,W","  103",",,W",,,,,"    1",",,W",,,,,,,,,,,,,"    1",",,W",,,,,,,,,,,,,,,,,,,,,,
"USW00094728","2020-05-16","40.77898","-73.96925","42.7","NY CITY CENTRAL PARK, NY US","    3",",,W,2400","    0",",,W,2400","    0",",,W,2400","  250",",,W","  150",",,W",,,,,"   94",",,W","10173",",,W","10112",",,W","  144",",,W","   17",",,W",,,,,,,,,,,,,,,,,,,,,"   54",",,W","   29",",,W","   84",",,W",,,,,,,,,"  150",",,W","  250",",,W",,,,,,,,,,,"   54",",,W","   89",",,W",,,,,,,,,,,,,,,,,,,,,,,,,,,,,,,,,,,,,,,,,,
"USW00094728","2020-05-17","40.77898","-73.96925","42.7","NY CITY CENTRAL PARK, NY US","    0","T,,W,2400","    0",",,W,2400","    0",",,W,2400","  206",",,W","  128",",,W",,,,,"   67",",,W","10244",",,W","10196",",,W","  111",",,W","   14",",,W",,,,,,,,,,,,,,,,,,,,,"   58",",,W","   39",",,W","   72",",,W",,,,,,,,,"  130",",,W","  120",",,W",,,,,,,,,,,"   45",",,W","   72",",,W",,,,,,,,,,,,,,,,,,,,,,,,,,,,,,,,,,,,,,,,,,
"USW00094728","2020-05-18","40.77898","-73.96925","42.7","NY CITY CENTRAL PARK, NY US","    0",",,W,2400","    0",",,W,2400","    0",",,W,2400","  211",",,W","  122",",,W",,,,,"   78",",,W","10203",",,W","10156",",,W","  117",",,W",,,,,,,,,,,,,,,,,,,,,,,"   60",",,W","   44",",,W","   74",",,W",,,,,,,,,,,,,,,,,,,,,,,,,,,,,,,,,,,,,,,,,,,,,,,,,,,,,,,,,,,,,,,,,,,,
"USW00094728","2020-05-19","40.77898","-73.96925","42.7","NY CITY CENTRAL PARK, NY US","    0",",,W,2400","    0",",,W,2400","    0",",,W,2400","  200",",,W","  117",",,W",,,,,"   22",",,W","10244",",,W","10193",",,W","   89",",,W",,,,,,,,,,,,,,,,,,,,,,,"   41",",,W","   24",",,W","   74",",,W",,,,,,,,,,,,,,,,,,,,,,,,,,,,,,,,,,,,,,,,,,,,,,,,,,,,,,,,,,,,,,,,,,,,
"USW00094728","2020-05-20","40.77898","-73.96925","42.7","NY CITY CENTRAL PARK, NY US","    0",",,W,2400","    0",",,W,2400","    0",",,W,2400","  189",",,W","   94",",,W",,,,,"   11",",,W","10301",",,W","10251",",,W","   78",",,W",,,,,,,,,,,,,,,,,,,,,,,"   44",",,W","   27",",,W","   64",",,W",,,,,,,,,,,,,,,,,,,,,,,,,,,,,,,,,,,,,,,,,,,,,,,,,,,,,,,,,,,,,,,,,,,,
"USW00094728","2020-05-21","40.77898","-73.96925","42.7","NY CITY CENTRAL PARK, NY US","    0",",,W,2400","    0",",,W,2400","    0",",,W,2400","  200",",,W","   78",",,W",,,,,"   67",",,W","10268",",,W","10234",",,W","  100",",,W",,,,,,,,,,,,,,,,,,,,,,,"   65",",,W","   42",",,W","   83",",,W",,,,,,,,,,,,,,,,,,,,,,,,,,,,,,,,,,,,,,,,,,,,,,,,,,,,,,,,,,,,,,,,,,,,
"USW00094728","2020-05-22","40.77898","-73.96925","42.7","NY CITY CENTRAL PARK, NY US","    8",",,W,2400","    0",",,W,2400","    0",",,W,2400","  250",",,W","  122",",,W",,,,,"  122",",,W","10203",",,W","10149",",,W","  144",",,W",,,,,,,,,,,,,,,,,,,,,,,"   72",",,W","   27",",,W","   96",",,W",,,,,,,,,,,,,,,,,,,,,,,,,,,,,,,"    1",",,W",,,,,,,,,,,,,,,,,,,,,,,,,,,,,,,,,,,,
"USW00094728","2020-05-23","40.77898","-73.96925","42.7","NY CITY CENTRAL PARK, NY US","  165",",,W,2400","    0",",,W,2400","    0",",,W,2400","  194",",,W","  128",",,W",,,,,"  128",",,W","10169",",,W","10115",",,W","  144",",,W",,,,,,,,,,,,,,,,,,,,,,,"   84",",,W","   45",",,W","   97",",,W",,,,,,,,,,,,,,,,,,,,,,,,,,,,,,,"    1",",,W","    1",",,W","    1",",,W",,,,,,,,,,,,,,,,,,,,,,,,,,,,,,,,
"USW00094728","2020-05-24","40.77898","-73.96925","42.7","NY CITY CENTRAL PARK, NY US","    0",",,W,2400","    0",",,W,2400","    0",",,W,2400","  194",",,W","  111",",,W",,,,,"   83",",,W","10237",",,W","10190",",,W","  117",",,W",,,,,,,,,,,,,,,,,,,,,,,"   66",",,W","   55",",,W","   81",",,W",,,,,,,,,,,,,,,,,,,,,,,,,,,,,,,,,,,,,,,,,,,,,,,,,,,,,,,,,,,,,,,,,,,,
"USW00094728","2020-05-25","40.77898","-73.96925","42.7","NY CITY CENTRAL PARK, NY US","    0",",,W,2400","    0",",,W,2400","    0",",,W,2400","  217",",,W","  128",",,W",,,,,"  128",",,W","10230",",,W","10179",",,W","  144",",,W",,,,,,,,,,,,,,,,,,,,,,,"   78",",,W","   59",",,W","   93",",,W",,,,,,,,,,,,,,,,,,,,,,,,,,,,,,,"    1",",,W",,,,,,,,,,,,,,,,,,,,,,,,,,,,,,,,,,,,
"USW00094728","2020-05-26","40.77898","-73.96925","42.7","NY CITY CENTRAL PARK, NY US","    0",",,W,2400","    0",",,W,2400","    0",",,W,2400","  256",",,W","  144",",,W",,,,,"  144",",,W","10227",",,W","10179",",,W","  161",",,W",,,,,,,,,,,,,,,,,,,,,,,"   77",",,W","   58",",,W","   93",",,W",,,,,,,,,,,,,,,,,,,,,,,,,,,,,,,"    1",",,W",,,,,,,,,,,,,"    1",",,W",,,,,,,,,,,,,,,,,,,,,,
"USW00094728","2020-05-27","40.77898","-73.96925","42.7","NY CITY CENTRAL PARK, NY US","    0",",,W,2400","    0",",,W,2400","    0",",,W,2400","  261",",,W","  156",",,W",,,,,"  156",",,W","10234",",,W","10186",",,W","  172",",,W",,,,,,,,,,,,,,,,,,,,,,,"   79",",,W","   52",",,W","   93",",,W",,,,,,,,,,,,,,,,,,,,,,,,,,,,,,,,,,,,,,,,,,,,,"    1",",,W",,,,,,,,,,,,,,,,,,,,,,
"USW00094728","2020-05-28","40.77898","-73.96925","42.7","NY CITY CENTRAL PARK, NY US","    0","T,,W,2400","    0",",,W,2400","    0",",,W,2400","  244",",,W","  178",",,W",,,,,"  183",",,W","10207",",,W","10159",",,W","  189",",,W",,,,,,,,,,,,,,,,,,,,,,,"   86",",,W","   76",",,W","   93",",,W",,,,,,,,,,,,,,,,,,,,,,,,,,,,,,,"    1",",,W",,,,,,,,,,,,,,,,,,,,,,,,,,,,,,,,,,,,
"USW00094728","2020-05-29","40.77898","-73.96925","42.7","NY CITY CENTRAL PARK, NY US","    8",",,W,2400","    0",",,W,2400","    0",",,W,2400","  272",",,W","  194",",,W",,,,,"  194",",,W","10149",",,W","10108",",,W","  206",",,W",,,,,,,,,,,,,,,,,,,,,,,"   82",",,W","   65",",,W","   93",",,W",,,,,,,,,,,,,,,,,,,,,,,,,,,,,,,"    1",",,W",,,"    1",",,W",,,,,,,,,,,,,,,,,,,,,,,,,,,,,,,,
"USW00094728","2020-05-30","40.77898","-73.96925","42.7","NY CITY CENTRAL PARK, NY US","    5",",,W,2400","    0",",,W,2400","    0",",,W,2400","  272",",,W","  194",",,W",,,,,"  128",",,W","10119",",,W","10068",",,W","  172",",,W",,,,,,,,,,,,,,,,,,,,,,,"   55",",,W","   30",",,W","   93",",,W",,,,,,,,,,,,,,,,,,,,,,,,,,,,,,,,,,,,,,,,,,,,,,,,,,,,,,,,,,,,,,,,,,,,
"USW00094728","2020-05-31","40.77898","-73.96925","42.7","NY CITY CENTRAL PARK, NY US","    0",",,W,2400","    0",",,W,2400","    0",",,W,2400","  211",",,W","  133",",,W",,,,,"   17",",,W","10179",",,W","10119",",,W","   94",",,W",,,,,,,,,,,,,,,,,,,,,,,"   37",",,W","   26",",,W","   55",",,W",,,,,,,,,,,,,,,,,,,,,,,,,,,,,,,,,,,,,,,,,,,,,,,,,,,,,,,,,,,,,,,,,,,,
"USW00094728","2020-06-01","40.77898","-73.96925","42.7","NY CITY CENTRAL PARK, NY US","    0",",,W,2400","    0",",,W,2400","    0",",,W,2400","  211",",,W","  106",",,W",,,,,"   22",",,W","10213",",,W","10166",",,W","   94",",,W",,,,,,,,,,,,,,,,,,,,,,,"   40",",,W","   27",",,W","   53",",,W",,,,,,,,,,,,,,,,,,,,,,,,,,,,,,,,,,,,,,,,,,,,,,,,,,,,,,,,,,,,,,,,,,,,
"USW00094728","2020-06-02","40.77898","-73.96925","42.7","NY CITY CENTRAL PARK, NY US","    0","T,,W,2400","    0",",,W,2400","    0",",,W,2400","  222",",,W","  150",",,W",,,,,"   67",",,W","10142",",,W","10102",",,W","  128",",,W",,,,,,,,,,,,,,,,,,,,,,,"   44",",,W","   34",",,W","   56",",,W",,,,,,,,,,,,,,,,,,,,,,,,,,,,,,,,,,,,,,,,,,,,,,,,,,,,,,,,,,,,,,,,,,,,
"USW00094728","2020-06-03","40.77898","-73.96925","42.7","NY CITY CENTRAL PARK, NY US","  114",",,W,2400","    0",",,W,2400","    0",",,W,2400","  261",",,W","  156",",,W",,,,,"  172",",,W","10044",",,W"," 9997",",,W","  183",",,W",,,,,,,,,,,,,,,,,,,,,,,"   81",",,W","   62",",,W","   97",",,W",,,,,,,,,,,,,,,,,,,,,,,,,,,,,,,"    1",",,W",,,"    1",",,W",,,,,,,,,,,,,,,,,,,,,,,,,,,,,,,,
"USW00094728","2020-06-04","40.77898","-73.96925","42.7","NY CITY CENTRAL PARK, NY US","   41",",,W,2400","    0",",,W,2400","    0",",,W,2400","  289",",,W","  189",",,W",,,,,"  156",",,W","10108",",,W","10054",",,W","  189",",,W",,,,,,,,,,,,,,,,,,,,,,,"   62",",,W","   40",",,W","   87",",,W",,,,,,,,,,,,,,,,,,,,,,,,,,,,,,,"    1",",,W",,,,,,,,,,,,,,,,,,,,,,,,,,,,,,,,,,,,
"USW00094728","2020-06-05","40.77898","-73.96925","42.7","NY CITY CENTRAL PARK, NY US","   66",",,W,2400","    0",",,W,2400","    0",",,W,2400","  261",",,W","  206",",,W",,,,,"  200",",,W","10119",",,W","10075",",,W","  211",",,W",,,,,,,,,,,,,,,,,,,,,,,"   88",",,W","   67",",,W","   96",",,W",,,,,,,,,,,,,,,,,,,,,,,,,,,,,,,"    1",",,W",,,"    1",",,W",,,,,,,,,,,,,,,,,,,,,,,,,,,,,,,,
"USW00094728","2020-06-06","40.77898","-73.96925","42.7","NY CITY CENTRAL PARK, NY US","   15",",,W,2400","    0",",,W,2400","    0",",,W,2400","  300",",,W","  211",",,W",,,,,"  150",",,W","10078",",,W","10030",",,W","  189",",,W",,,,,,,,,,,,,,,,,,,,,,,"   60",",,W","   25",",,W","   96",",,W",,,,,,,,,,,,,,,,,,,,,,,,,,,,,,,"    1",",,W",,,"    1",",,W",,,,,,,,,,,,,,,,,,,,,,,,,,,,,,,,
"USW00094728","2020-06-07","40.77898","-73.96925","42.7","NY CITY CENTRAL PARK, NY US","    0",",,W,2400","    0",",,W,2400","    0",",,W,2400","  244",",,W","  172",",,W",,,,,"   72",",,W","10122",",,W","10071",",,W","  139",",,W",,,,,,,,,,,,,,,,,,,,,,,"   43",",,W","   30",",,W","   63",",,W",,,,,,,,,,,,,,,,,,,,,,,,,,,,,,,,,,,,,,,,,,,,,,,,,,,,,,,,,,,,,,,,,,,,
"USW00094728","2020-06-08","40.77898","-73.96925","42.7","NY CITY CENTRAL PARK, NY US","    0",",,W,2400","    0",",,W,2400","    0",",,W,2400","  261",",,W","  150",",,W",,,,,"   72",",,W","10156",",,W","10108",",,W","  139",",,W",,,,,,,,,,,,,,,,,,,,,,,"   42",",,W","   30",",,W","   64",",,W",,,,,,,,,,,,,,,,,,,,,,,,,,,,,,,,,,,,,,,,,,,,,,,,,,,,,,,,,,,,,,,,,,,,
"USW00094728","2020-06-09","40.77898","-73.96925","42.7","NY CITY CENTRAL PARK, NY US","    0",",,W,2400","    0",",,W,2400","    0",",,W,2400","  306",",,W","  183",",,W",,,,,"  128",",,W","10132",",,W","10088",",,W","  178",",,W",,,,,,,,,,,,,,,,,,,,,,,"   46",",,W","   35",",,W","   60",",,W",,,,,,,,,,,,,,,,,,,,,,,,,,,,,,,,,,,,,,,,,,,,,,,,,,,,,,,,,,,,,,,,,,,,
"USW00094728","2020-06-10","40.77898","-73.96925","42.7","NY CITY CENTRAL PARK, NY US","    0",",,W,2400","    0",",,W,2400","    0",",,W,2400","  294",",,W","  211",",,W",,,,,"  172",",,W","10146",",,W","10098",",,W","  200",",,W",,,,,,,,,,,,,,,,,,,,,,,"   66",",,W","   49",",,W","   82",",,W",,,,,,,,,,,,,,,,,,,,,,,,,,,,,,,,,,,,,,,,,,,,,,,,,,,,,,,,,,,,,,,,,,,,
"USW00094728","2020-06-11","40.77898","-73.96925","42.7","NY CITY CENTRAL PARK, NY US","   13",",,W,2400","    0",",,W,2400","    0",",,W,2400","  289",",,W","  211",",,W",,,,,"  189",",,W","10152",",,W","10105",",,W","  211",",,W",,,,,,,,,,,,,,,,,,,,,,,"   78",",,W","   25",",,W","   94",",,W",,,,,,,,,,,,,,,,,,,,,,,,,,,,,,,"    1",",,W",,,,,,,,,,,,,,,,,,,,,,,,,,,,,,,,,,,,
"USW00094728","2020-06-12","40.77898","-73.96925","42.7","NY CITY CENTRAL PARK, NY US","    0",",,W,2400","    0",",,W,2400","    0",",,W,2400","  294",",,W","  206",",,W",,,,,"  117",",,W","10176",",,W","10129",",,W","  172",",,W",,,,,,,,,,,,,,,,,,,,,,,"   45",",,W","   24",",,W","   87",",,W",,,,,,,,,,,,,,,,,,,,,,,,,,,,,,,,,,,,,,,,,,,,,,,,,,,,,,,,,,,,,,,,,,,,
"USW00094728","2020-06-13","40.77898","-73.96925","42.7","NY CITY CENTRAL PARK, NY US","    0",",,W,2400","    0",",,W,2400","    0",",,W,2400","  239",",,W","  150",",,W",,,,,"   56",",,W","10220",",,W","10163",",,W","  122",",,W",,,,,,,,,,,,,,,,,,,,,,,"   42",",,W","   29",",,W","   54",",,W",,,,,,,,,,,,,,,,,,,,,,,,,,,,,,,,,,,,,,,,,,,,,,,,,,,,,,,,,,,,,,,,,,,,
"USW00094728","2020-06-14","40.77898","-73.96925","42.7","NY CITY CENTRAL PARK, NY US","    0",",,W,2400","    0",",,W,2400","    0",",,W,2400","  233",",,W","  122",",,W",,,,,"   67",",,W","10278",",,W","10224",",,W","  117",",,W",,,,,,,,,,,,,,,,,,,,,,,"   50",",,W","   33",",,W","   65",",,W",,,,,,,,,,,,,,,,,,,,,,,,,,,,,,,,,,,,,,,,,,,,,,,,,,,,,,,,,,,,,,,,,,,,
"USW00094728","2020-06-15","40.77898","-73.96925","42.7","NY CITY CENTRAL PARK, NY US","    0",",,W,2400","    0",",,W,2400","    0",",,W,2400","  239",",,W","  150",",,W",,,,,"   94",",,W","10291",",,W","10240",",,W","  139",",,W",,,,,,,,,,,,,,,,,,,,,,,"   56",",,W","   34",",,W","   72",",,W",,,,,,,,,,,,,,,,,,,,,,,,,,,,,,,,,,,,,,,,,,,,,,,,,,,,,,,,,,,,,,,,,,,,
"USW00094728","2020-06-16","40.77898","-73.96925","42.7","NY CITY CENTRAL PARK, NY US","    0",",,W,2400","    0",",,W,2400","    0",",,W,2400","  256",",,W","  156",",,W",,,,,"  100",",,W","10274",",,W","10230",",,W","  144",",,W",,,,,,,,,,,,,,,,,,,,,,,"   53",",,W","   31",",,W","   75",",,W",,,,,,,,,,,,,,,,,,,,,,,,,,,,,,,,,,,,,,,,,,,,,,,,,,,,,,,,,,,,,,,,,,,,
"USW00094728","2020-06-17","40.77898","-73.96925","42.7","NY CITY CENTRAL PARK, NY US","    0",",,W,2400","    0",",,W,2400","    0",",,W,2400","  256",",,W","  156",",,W",,,,,"  139",",,W","10240",",,W","10196",",,W","  167",",,W",,,,,,,,,,,,,,,,,,,,,,,"   68",",,W","   41",",,W","   84",",,W",,,,,,,,,,,,,,,,,,,,,,,,,,,,,,,,,,,,,,,,,,,,,,,,,,,,,,,,,,,,,,,,,,,,
"USW00094728","2020-06-18","40.77898","-73.96925","42.7","NY CITY CENTRAL PARK, NY US","    0","T,,W,2400","    0",",,W,2400","    0",",,W,2400","  250",",,W","  183",",,W",,,,,"  178",",,W","10217",",,W","10169",",,W","  194",",,W",,,,,,,,,,,,,,,,,,,,,,,"   83",",,W","   69",",,W","   93",",,W",,,,,,,,,,,,,,,,,,,,,,,,,,,,,,,"    1",",,W",,,,,,,,,,,,,,,,,,,,,,,,,,,,,,,,,,,,
"USW00094728","2020-06-19","40.77898","-73.96925","42.7","NY CITY CENTRAL PARK, NY US","    0","T,,W,2400","    0",",,W,2400","    0",",,W,2400","  283",",,W","  183",",,W",,,,,"  172",",,W","10196",",,W","10149",",,W","  194",",,W","   11",",,W",,,,,,,,,,,,,,,,,,,,,"   71",",,W","   51",",,W","   91",",,W",,,,,,,,,"  220",",,W","  220",",,W",,,,,,,,,,,"   31",",,W","   54",",,W",,,,,"    1",",,W",,,,,,,,,,,,,,,,,,,,,,,,,,,,,,,,,,,,
"USW00094728","2020-06-20","40.77898","-73.96925","42.7","NY CITY CENTRAL PARK, NY US","    0",",,W,2400","    0",",,W,2400","    0",",,W,2400","  300",",,W","  211",",,W",,,,,"  178",",,W","10173",",,W","10125",",,W","  206",",,W","    8",",,W",,,,,,,,,,,,,,,,,,,,,"   68",",,W","   48",",,W","   79",",,W",,,,,,,,,"  210",",,W","  160",",,W",,,,,,,,,,,"   31",",,W","  121",",,W",,,,,,,,,,,,,,,,,,,,,,,,,,,,,,,,,,,,,,,,,,
"USW00094728","2020-06-21","40.77898","-73.96925","42.7","NY CITY CENTRAL PARK, NY US","    0",",,W,2400","    0",",,W,2400","    0",",,W,2400","  311",",,W","  211",",,W",,,,,"  183",",,W","10156",",,W","10108",",,W","  206",",,W","   11",",,W",,,,,,,,,,,,,,,,,,,,,"   67",",,W","   45",",,W","   82",",,W",,,,,,,,,"  200",",,W","  210",",,W",,,,,,,,,,,"   45",",,W","  107",",,W",,,,,,,,,,,,,,,,,,,,,,,,,,,,,,,,,,,,,,,,,,
"USW00094728","2020-06-22","40.77898","-73.96925","42.7","NY CITY CENTRAL PARK, NY US","    0",",,W,2400","    0",",,W,2400","    0",",,W,2400","  322",",,W","  222",",,W",,,,,"  189",",,W","10132",",,W","10088",",,W","  217",",,W","   13",",,W",,,,,,,,,,,,,,,,,,,,,"   62",",,W","   43",",,W","   82",",,W",,,,,,,,,"  170",",,W","  260",",,W",,,,,,,,,,,"   36",",,W","   89",",,W",,,,,,,,,,,,,,,,,,,,,,,,,,,,,,,,,,,,,,,,,,
"USW00094728","2020-06-23","40.77898","-73.96925","42.7","NY CITY CENTRAL PARK, NY US","    0","T,,W,2400","    0",",,W,2400","    0",",,W,2400","  306",",,W","  233",",,W",,,,,"  194",",,W","10081",",,W","10041",",,W","  217",",,W","   11",",,W",,,,,,,,,,,,,,,,,,,,,"   68",",,W","   53",",,W","   93",",,W",,,,,,,,,"  170",",,W","  260",",,W",,,,,,,,,,,"   58",",,W","  107",",,W",,,,,"    1",",,W",,,,,,,,,,,,,"    1",",,W",,,,,,,,,,,,,,,,,,,,,,
"USW00094728","2020-06-24","40.77898","-73.96925","42.7","NY CITY CENTRAL PARK, NY US","    0",",,W,2400","    0",",,W,2400","    0",",,W,2400","  300",",,W","  233",",,W",,,,,"  150",",,W","10075",",,W","10014",",,W","  194",",,W","   19",",,W",,,,,,,,,,,,,,,,,,,,,"   53",",,W","   32",",,W","   85",",,W",,,,,,,,,"  260",",,W","  280",",,W",,,,,,,,,,,"   54",",,W","   76",",,W",,,,,,,,,,,,,,,,,,,,,,,,,,,,,,,,,,,,,,,,,,
"USW00094728","2020-06-25","40.77898","-73.96925","42.7","NY CITY CENTRAL PARK, NY US","    0",",,W,2400","    0",",,W,2400","    0",",,W,2400","  306",",,W","  222",",,W",,,,,"  128",",,W","10142",",,W","10091",",,W","  178",",,W","   13",",,W",,,,,,,,,,,,,,,,,,,,,"   48",",,W","   30",",,W","   66",",,W",,,,,,,,,"  230",",,W","  170",",,W",,,,,,,,,,,"   36",",,W","   98",",,W",,,,,,,,,,,,,,,,,,,,,,,,,,,,,,,,,,,,,,,,,,
"USW00094728","2020-06-26","40.77898","-73.96925","42.7","NY CITY CENTRAL PARK, NY US","    0",",,W,2400","    0",",,W,2400","    0",",,W,2400","  306",",,W","  206",",,W",,,,,"  128",",,W","10135",",,W","10088",",,W","  178",",,W","   16",",,W",,,,,,,,,,,,,,,,,,,,,"   47",",,W","   29",",,W","   76",",,W",,,,,,,,,"  260",",,W","  270",",,W",,,,,,,,,,,"   40",",,W","   67",",,W",,,,,,,,,,,,,,,,,,,,,,,,,,,,,,,,,,,,,,,,,,
"USW00094728","2020-06-27","40.77898","-73.96925","42.7","NY CITY CENTRAL PARK, NY US","   23",",,W,2400","    0",",,W,2400","    0",",,W,2400","  267",",,W","  222",",,W",,,,,"  183",",,W","10085",",,W","10034",",,W","  206",",,W","   12",",,W",,,,,,,,,,,,,,,,,,,,,"   70",",,W","   52",",,W","   94",",,W",,,,,,,,,"  220",",,W","  210",",,W",,,,,,,,,,,"   54",",,W","   94",",,W",,,,,"    1",",,W",,,,,,,,,,,,,,,,,,,,,,,,,,,,,,,,,,,,
"USW00094728","2020-06-28","40.77898","-73.96925","42.7","NY CITY CENTRAL PARK, NY US","   28",",,W,2400","    0",",,W,2400","    0",",,W,2400","  322",",,W","  211",",,W",,,,,"  200",",,W","10064",",,W","10017",",,W","  217",",,W","   10",",,W",,,,,,,,,,,,,,,,,,,,,"   71",",,W","   43",",,W","   94",",,W",,,,,,,,,"  260",",,W","  260",",,W",,,,,,,,,,,"   54",",,W","   98",",,W",,,,,"    1",",,W",,,"    1",",,W",,,,,,,,,,,,,,,,,,,,,,,,,,,,,,,,
"USW00094728","2020-06-29","40.77898","-73.96925","42.7","NY CITY CENTRAL PARK, NY US","  147",",,W,2400","    0",",,W,2400","    0",",,W,2400","  306",",,W","  183",",,W",,,,,"  178",",,W","10095",",,W","10041",",,W","  200",",,W","   15",",,W",,,,,,,,,,,,,,,,,,,,,"   71",",,W","   40",",,W","   97",",,W",,,,,,,,,"  340",",,W","  170",",,W",,,,,,,,,,,"  148",",,W","  210",",,W",,,,,"    1",",,W",,,"    1",",,W",,,,,,,,,,,,,,,,,,,,,,,,,,,,,,,,
"USW00094728","2020-06-30","40.77898","-73.96925","42.7","NY CITY CENTRAL PARK, NY US","    0","T,,W,2400","    0",",,W,2400","    0",",,W,2400","  267",",,W","  194",",,W",,,,,"  172",",,W","10119",",,W","10071",",,W","  189",",,W","   14",",,W",,,,,,,,,,,,,,,,,,,,,"   73",",,W","   52",",,W","   87",",,W",,,,,,,,,"   40",",,W","   40",",,W",,,,,,,,,,,"   54",",,W","   72",",,W",,,,,,,,,"    1",",,W",,,,,,,,,,,,,,,,,,,,,,,,,,,,,,,,
"USW00094728","2020-07-01","40.77898","-73.96925","42.7","NY CITY CENTRAL PARK, NY US","    8",",,W,2400","    0",",,W,2400","    0",",,W,2400","  267",",,W","  194",",,W",,,,,"  178",",,W","10112",",,W","10068",",,W","  194",",,W","   10",",,W",,,,,,,,,,,,,,,,,,,,,"   76",",,W","   58",",,W","   93",",,W",,,,,,,,,"   70",",,W","   80",",,W",,,,,,,,,,,"   54",",,W","   72",",,W",,,,,,,,,"    1",",,W",,,,,,,,,,,,,,,,,,,,,,,,,,,,,,,,
"USW00094728","2020-07-02","40.77898","-73.96925","42.7","NY CITY CENTRAL PARK, NY US","    0",",,W,2400","    0",",,W,2400","    0",",,W,2400","  333",",,W","  200",",,W",,,,,"  172",",,W","10095",",,W","10047",",,W","  206",",,W","   15",",,W",,,,,,,,,,,,,,,,,,,,,"   57",",,W","   34",",,W","   87",",,W",,,,,,,,,"   30",",,W","   10",",,W",,,,,,,,,,,"   54",",,W","   85",",,W",,,,,,,,,,,,,,,,,,,,,,,,,,,,,,,,,,,,,,,,,,
"USW00094728","2020-07-03","40.77898","-73.96925","42.7","NY CITY CENTRAL PARK, NY US","   33",",,W,2400","    0",",,W,2400","    0",",,W,2400","  322",",,W","  217",",,W",,,,,"  189",",,W","10102",",,W","10061",",,W","  217",",,W","   16",",,W",,,,,,,,,,,,,,,,,,,,,"   65",",,W","   43",",,W","   97",",,W",,,,,,,,,"   50",",,W","   50",",,W",,,,,,,,,,,"   67",",,W","   94",",,W",,,,,"    1",",,W",,,"    1",",,W",,,,,,,,,"    1",",,W",,,,,,,,,,,,,,,,,,,,,,
"USW00094728","2020-07-04","40.77898","-73.96925","42.7","NY CITY CENTRAL PARK, NY US","    0",",,W,2400","    0",",,W,2400","    0",",,W,2400","  306",",,W","  200",",,W",,,,,"  183",",,W","10129",",,W","10081",",,W","  206",",,W","   20",",,W",,,,,,,,,,,,,,,,,,,,,"   70",",,W","   42",",,W","   90",",,W",,,,,,,,,"   60",",,W","   40",",,W",,,,,,,,,,,"   45",",,W","   67",",,W",,,,,"    1",",,W",,,,,,,,,,,,,"    1",",,W",,,,,,,,,,,,,,,,,,,,,,
"USW00094728","2020-07-05","40.77898","-73.96925","42.7","NY CITY CENTRAL PARK, NY US","    0",",,W,2400","    0",",,W,2400","    0",",,W,2400","  333",",,W","  222",",,W",,,,,"  183",",,W","10135",",,W","10088",",,W","  211",",,W","   11",",,W",,,,,,,,,,,,,,,,,,,,,"   61",",,W","   26",",,W","   84",",,W",,,,,,,,,"  250",",,W",,,,,,,,,,,,,"   45",",,W",,,,,,,,,,,,,,,,,,,,,"    1",",,W",,,,,,,,,,,,,,,,,,,,,,
"USW00094728","2020-07-06","40.77898","-73.96925","42.7","NY CITY CENTRAL PARK, NY US","  137",",,W,2400","    0",",,W,2400","    0",",,W,2400","  356",",,W","  211",",,W",,,,,"  178",",,W","10169",",,W","10112",",,W","  211",",,W","   13",",,W",,,,,,,,,,,,,,,,,,,,,"   66",",,W","   30",",,W","   94",",,W",,,,,,,,,"  240",",,W","  230",",,W",,,,,,,,,,,"   76",",,W","  139",",,W",,,,,"    1",",,W",,,"    1",",,W",,,,,,,,,,,,,,,,,,,,,,,,,,,,,,,,
"USW00094728","2020-07-07","40.77898","-73.96925","42.7","NY CITY CENTRAL PARK, NY US","    0",",,W,2400","    0",",,W,2400","    0",",,W,2400","  278",",,W","  222",",,W",,,,,"  194",",,W","10179",",,W","10142",",,W","  211",",,W","   19",",,W",,,,,,,,,,,,,,,,,,,,,"   76",",,W","   51",",,W","   85",",,W",,,,,,,,,"  130",",,W","  120",",,W",,,,,,,,,,,"   45",",,W","   67",",,W",,,,,,,,,,,,,,,,,,,,,,,,,,,,,,,,,,,,,,,,,,
"USW00094728","2020-07-08","40.77898","-73.96925","42.7","NY CITY CENTRAL PARK, NY US","    5",",,W,2400","    0",",,W,2400","    0",",,W,2400","  283",",,W","  239",",,W",,,,,"  211",",,W","10156",",,W","10108",",,W","  228",",,W","   11",",,W",,,,,,,,,,,,,,,,,,,,,"   79",",,W","   42",",,W","   91",",,W",,,,,,,,,"  210",",,W","  210",",,W",,,,,,,,,,,"   94",",,W","   98",",,W",,,,,"    1",",,W",,,,,,,,,,,,,,,,,,,,,,,,,,,,,,,,,,,,
"USW00094728","2020-07-09","40.77898","-73.96925","42.7","NY CITY CENTRAL PARK, NY US","    0",",,W,2400","    0",",,W,2400","    0",",,W,2400","  317",",,W","  239",",,W",,,,,"  211",",,W","10152",",,W","10102",",,W","  228",",,W","   12",",,W",,,,,,,,,,,,,,,,,,,,,"   72",",,W","   46",",,W","   88",",,W",,,,,,,,,"  150",",,W","  210",",,W",,,,,,,,,,,"   40",",,W","   76",",,W",,,,,,,,,,,,,,,,,,,"    1",",,W",,,,,,,,,,,,,,,,,,,,,,
"USW00094728","2020-07-10","40.77898","-73.96925","42.7","NY CITY CENTRAL PARK, NY US","  645",",,W,2400","    0",",,W,2400","    0",",,W,2400","  250",",,W","  228",",,W",,,,,"  222",",,W","10095",",,W","10061",",,W","  228",",,W","   32",",,W",,,,,,,,,,,,,,,,,,,,,"   93",",,W","   82",",,W","   97",",,W",,,,,,,,,"  130",",,W","  140",",,W",,,,,,,,,,,"   76",",,W","  139",",,W",,,,,"    1",",,W","    1",",,W",,,,,,,,,,,,,,,,,,,,,,,,,,,,,,,,,,
"USW00094728","2020-07-11","40.77898","-73.96925","42.7","NY CITY CENTRAL PARK, NY US","  193",",,W,2400","    0",",,W,2400","    0",",,W,2400","  283",",,W","  222",",,W",,,,,"  228",",,W","10047",",,W","10000",",,W","  233",",,W","   15",",,W",,,,,,,,,,,,,,,,,,,,,"   88",",,W","   77",",,W","   97",",,W",,,,,,,,,"  230",",,W","  200",",,W",,,,,,,,,,,"   54",",,W","   98",",,W",,,,,"    1",",,W",,,,,,,,,,,,,"    1",",,W",,,,,,,,,,,,,,,,,,,,,,
"USW00094728","2020-07-12","40.77898","-73.96925","42.7","NY CITY CENTRAL PARK, NY US","   10",",,W,2400","    0",",,W,2400","    0",",,W,2400","  306",",,W","  217",",,W",,,,,"  178",",,W","10064",",,W","10014",",,W","  206",",,W","   22",",,W",,,,,,,,,,,,,,,,,,,,,"   63",",,W","   40",",,W","   87",",,W",,,,,,,,,"  250",",,W","  230",",,W",,,,,,,,,,,"   54",",,W","   94",",,W",,,,,"    1",",,W",,,,,,,,,,,,,,,,,,,,,,,,,,,,,,,,,,,,
"USW00094728","2020-07-13","40.77898","-73.96925","42.7","NY CITY CENTRAL PARK, NY US","    5",",,W,2400","    0",",,W,2400","    0",",,W,2400","  300",",,W","  211",",,W",,,,,"  172",",,W","10088",",,W","10041",",,W","  206",",,W","   18",",,W",,,,,,,,,,,,,,,,,,,,,"   60",",,W","   40",",,W","   90",",,W",,,,,,,,,"  270",",,W","  280",",,W",,,,,,,,,,,"   58",",,W","   85",",,W",,,,,"    1",",,W",,,,,,,,,,,,,,,,,,,,,,,,,,,,,,,,,,,,
"USW00094728","2020-07-14","40.77898","-73.96925","42.7","NY CITY CENTRAL PARK, NY US","    0",",,W,2400","    0",",,W,2400","    0",",,W,2400","  294",",,W","  211",",,W",,,,,"  156",",,W","10142",",,W","10091",",,W","  194",",,W","   21",",,W",,,,,,,,,,,,,,,,,,,,,"   55",",,W","   40",",,W","   71",",,W",,,,,,,,,"   20",",,W","  300",",,W",,,,,,,,,,,"   54",",,W","   81",",,W",,,,,,,,,,,,,,,,,,,,,,,,,,,,,,,,,,,,,,,,,,
"USW00094728","2020-07-15","40.77898","-73.96925","42.7","NY CITY CENTRAL PARK, NY US","    0",",,W,2400","    0",",,W,2400","    0",",,W,2400","  278",",,W","  211",",,W",,,,,"  178",",,W","10217",",,W","10163",",,W","  200",",,W","   26",",,W",,,,,,,,,,,,,,,,,,,,,"   70",",,W","   56",",,W","   84",",,W",,,,,,,,,"   50",",,W","   60",",,W",,,,,,,,,,,"   58",",,W","   76",",,W",,,,,,,,,,,,,,,,,,,,,,,,,,,,,,,,,,,,,,,,,,
"USW00094728","2020-07-16","40.77898","-73.96925","42.7","NY CITY CENTRAL PARK, NY US","    0",",,W,2400","    0",",,W,2400","    0",",,W,2400","  256",",,W","  206",",,W",,,,,"  156",",,W","10254",",,W","10207",",,W","  183",",,W","   17",",,W",,,,,,,,,,,,,,,,,,,,,"   67",",,W","   58",",,W","   79",",,W",,,,,,,,,"  140",",,W","  140",",,W",,,,,,,,,,,"   54",",,W","   89",",,W",,,,,,,,,,,,,,,,,,,,,,,,,,,,,,,,,,,,,,,,,,
"USW00094728","2020-07-17","40.77898","-73.96925","42.7","NY CITY CENTRAL PARK, NY US","    8",",,W,2400","    0",",,W,2400","    0",",,W,2400","  289",",,W","  206",",,W",,,,,"  200",",,W","10193",",,W","10152",",,W","  217",",,W","    9",",,W",,,,,,,,,,,,,,,,,,,,,"   79",",,W","   63",",,W","   93",",,W",,,,,,,,,"   50",",,W","  170",",,W",,,,,,,,,,,"   36",",,W","  103",",,W",,,,,,,,,,,,,,,,,,,,,,,,,,,,,,,,,,,,,,,,,,
"USW00094728","2020-07-18","40.77898","-73.96925","42.7","NY CITY CENTRAL PARK, NY US","    0",",,W,2400","    0",",,W,2400","    0",",,W,2400","  328",",,W","  222",",,W",,,,,"  183",",,W","10169",",,W","10122",",,W","  217",",,W","    6",",,W",,,,,,,,,,,,,,,,,,,,,"   60",",,W","   34",",,W","   91",",,W",,,,,,,,,"  240",",,W","  130",",,W",,,,,,,,,,,"   31",",,W","   89",",,W",,,,,"    1",",,W",,,,,,,,,,,,,,,,,,,,,,,,,,,,,,,,,,,,
"USW00094728","2020-07-19","40.77898","-73.96925","42.7","NY CITY CENTRAL PARK, NY US","    0",",,W,2400","    0",",,W,2400","    0",",,W,2400","  344",",,W","  250",",,W",,,,,"  206",",,W","10129",",,W","10085",",,W","  233",",,W","   19",",,W",,,,,,,,,,,,,,,,,,,,,"   60",",,W","   46",",,W","   74",",,W",,,,,,,,,"  240",",,W","  260",",,W",,,,,,,,,,,"   36",",,W","  121",",,W",,,,,,,,,,,,,,,,,,,,,,,,,,,,,,,,,,,,,,,,,,
"USW00094728","2020-07-20","40.77898","-73.96925","42.7","NY CITY CENTRAL PARK, NY US","    0",",,W,2400","    0",",,W,2400","    0",",,W,2400","  339",",,W","  272",",,W",,,,,"  206",",,W","10108",",,W","10058",",,W","  239",",,W","   17",",,W",,,,,,,,,,,,,,,,,,,,,"   57",",,W","   41",",,W","   79",",,W",,,,,,,,,"  280",",,W","  270",",,W",,,,,,,,,,,"   58",",,W","   98",",,W",,,,,,,,,,,,,,,,,,,,,,,,,,,,,,,,,,,,,,,,,,
"USW00094728","2020-07-21","40.77898","-73.96925","42.7","NY CITY CENTRAL PARK, NY US","    0",",,W,2400","    0",",,W,2400","    0",",,W,2400","  328",",,W","  250",",,W",,,,,"  178",",,W","10156",",,W","10105",",,W","  217",",,W","    8",",,W",,,,,,,,,,,,,,,,,,,,,"   53",",,W","   41",",,W","   67",",,W",,,,,,,,,"  250",",,W","  150",",,W",,,,,,,,,,,"   40",",,W","   63",",,W",,,,,,,,,,,,,,,,,,,,,,,,,,,,,,,,,,,,,,,,,,
"USW00094728","2020-07-22","40.77898","-73.96925","42.7","NY CITY CENTRAL PARK, NY US","  361",",,W,2400","    0",",,W,2400","    0",",,W,2400","  333",",,W","  222",",,W",,,,,"  222",",,W","10159",",,W","10115",",,W","  233",",,W","   13",",,W",,,,,,,,,,,,,,,,,,,,,"   79",",,W","   54",",,W","   97",",,W",,,,,,,,,"  280",",,W","  300",",,W",,,,,,,,,,,"  103",",,W","  157",",,W",,,,,"    1",",,W","    1",",,W","    1",",,W",,,,,,,,,,,,,,,,,,,,,,,,,,,,,,,,
"USW00094728","2020-07-23","40.77898","-73.96925","42.7","NY CITY CENTRAL PARK, NY US","    0","T,,W,2400","    0",",,W,2400","    0",",,W,2400","  300",",,W","  228",",,W",,,,,"  217",",,W","10163",",,W","10112",",,W","  233",",,W","   20",",,W",,,,,,,,,,,,,,,,,,,,,"   77",",,W","   61",",,W","   94",",,W",,,,,,,,,"  250",",,W","  230",",,W",,,,,,,,,,,"   54",",,W","   81",",,W",,,,,,,,,,,,,,,,,,,,,,,,,,,,,,,,,,,,,,,,,,
"USW00094728","2020-07-24","40.77898","-73.96925","42.7","NY CITY CENTRAL PARK, NY US","   48",",,W,2400","    0",",,W,2400","    0",",,W,2400","  267",",,W","  222",",,W",,,,,"  211",",,W","10179",",,W","10129",",,W","  222",",,W","   14",",,W",,,,,,,,,,,,,,,,,,,,,"   83",",,W","   69",",,W","   94",",,W",,,,,,,,,"   60",",,W","  230",",,W",,,,,,,,,,,"   58",",,W","   89",",,W",,,,,"    1",",,W",,,"    1",",,W",,,,,,,,,"    1",",,W",,,,,,,,,,,,,,,,,,,,,,
"USW00094728","2020-07-25","40.77898","-73.96925","42.7","NY CITY CENTRAL PARK, NY US","    0",",,W,2400","    0",",,W,2400","    0",",,W,2400","  311",",,W","  222",",,W",,,,,"  206",",,W","10179",",,W","10135",",,W","  228",",,W","   17",",,W",,,,,,,,,,,,,,,,,,,,,"   70",",,W","   53",",,W","   91",",,W",,,,,,,,,"  230",",,W","  220",",,W",,,,,,,,,,,"   40",",,W","   67",",,W",,,,,"    1",",,W",,,,,,,,,,,,,"    1",",,W",,,,,,,,,,,,,,,,,,,,,,
"USW00094728","2020-07-26","40.77898","-73.96925","42.7","NY CITY CENTRAL PARK, NY US","    0",",,W,2400","    0",",,W,2400","    0",",,W,2400","  333",",,W","  250",",,W",,,,,"  189",",,W","10146",",,W","10102",",,W","  222",",,W","   24",",,W",,,,,,,,,,,,,,,,,,,,,"   57",",,W","   35",",,W","   88",",,W",,,,,,,,,"  280",",,W","  290",",,W",,,,,,,,,,,"   63",",,W","   94",",,W",,,,,,,,,,,,,,,,,,,,,,,,,,,,,,,,,,,,,,,,,,
"USW00094728","2020-07-27","40.77898","-73.96925","42.7","NY CITY CENTRAL PARK, NY US","    0",",,W,2400","    0",",,W,2400","    0",",,W,2400","  339",",,W","  244",",,W",,,,,"  183",",,W","10095",",,W","10051",",,W","  222",",,W","   23",",,W",,,,,,,,,,,,,,,,,,,,,"   51",",,W","   38",",,W","   62",",,W",,,,,,,,,"  230",",,W","  230",",,W",,,,,,,,,,,"   63",",,W","   98",",,W",,,,,,,,,,,,,,,,,,,,,,,,,,,,,,,,,,,,,,,,,,
"USW00094728","2020-07-28","40.77898","-73.96925","42.7","NY CITY CENTRAL PARK, NY US","    0",",,W,2400","    0",",,W,2400","    0",",,W,2400","  339",",,W","  267",",,W",,,,,"  206",",,W","10091",",,W","10037",",,W","  233",",,W","   21",",,W",,,,,,,,,,,,,,,,,,,,,"   59",",,W","   47",",,W","   69",",,W",,,,,,,,,"  240",",,W","  240",",,W",,,,,,,,,,,"   63",",,W","  103",",,W",,,,,,,,,,,,,,,,,,,,,,,,,,,,,,,,,,,,,,,,,,
"USW00094728","2020-07-29","40.77898","-73.96925","42.7","NY CITY CENTRAL PARK, NY US","    0",",,W,2400","    0",",,W,2400","    0",",,W,2400","  322",",,W","  250",",,W",,,,,"  194",",,W","10122",",,W","10075",",,W","  222",",,W","    7",",,W",,,,,,,,,,,,,,,,,,,,,"   60",",,W","   47",",,W","   69",",,W",,,,,,,,,"  230",",,W","  210",",,W",,,,,,,,,,,"   40",",,W","  112",",,W",,,,,,,,,,,,,,,,,,,,,,,,,,,,,,,,,,,,,,,,,,
"USW00094728","2020-07-30","40.77898","-73.96925","42.7","NY CITY CENTRAL PARK, NY US","   20",",,W,2400","    0",",,W,2400","    0",",,W,2400","  333",",,W","  233",",,W",,,,,"  178",",,W","10105",",,W","10058",",,W","  211",",,W","   13",",,W",,,,,,,,,,,,,,,,,,,,,"   55",",,W","   38",",,W","   87",",,W",,,,,,,,,"  240",",,W","  230",",,W",,,,,,,,,,,"   54",",,W","   85",",,W",,,,,"    1",",,W",,,,,,,,,,,,,,,,,,,,,,,,,,,,,,,,,,,,
"USW00094728","2020-07-31","40.77898","-73.96925","42.7","NY CITY CENTRAL PARK, NY US","  198",",,W,2400","    0",",,W,2400","    0",",,W,2400","  278",",,W","  211",",,W",,,,,"  200",",,W","10098",",,W","10051",",,W","  211",",,W","    7",",,W",,,,,,,,,,,,,,,,,,,,,"   80",",,W","   54",",,W","   96",",,W",,,,,,,,,"   50",",,W","   50",",,W",,,,,,,,,,,"   63",",,W","   98",",,W",,,,,"    1",",,W",,,"    1",",,W",,,,,,,,,,,,,,,,,,,,,,,,,,,,,,,,
"USW00094728","2020-08-01","40.77898","-73.96925","42.7","NY CITY CENTRAL PARK, NY US","    0",",,W,2400","    0",",,W,2400","    0",",,W,2400","  311",",,W","  217",",,W",,,,,"  189",",,W","10132",",,W","10085",",,W","  211",",,W","   10",",,W",,,,,,,,,,,,,,,,,,,,,"   66",",,W","   48",",,W","   90",",,W",,,,,,,,,"  150",",,W","  170",",,W",,,,,,,,,,,"   40",",,W","   98",",,W",,,,,,,,,,,,,,,,,,,,,,,,,,,,,,,,,,,,,,,,,,
"USW00094728","2020-08-02","40.77898","-73.96925","42.7","NY CITY CENTRAL PARK, NY US","    0",",,W,2400","    0",",,W,2400","    0",",,W,2400","  317",",,W","  250",",,W",,,,,"  228",",,W","10122",",,W","10078",",,W","  244",",,W","   18",",,W",,,,,,,,,,,,,,,,,,,,,"   75",",,W","   61",",,W","   85",",,W",,,,,,,,,"  140",",,W","  140",",,W",,,,,,,,,,,"   54",",,W","   89",",,W",,,,,,,,,,,,,,,,,,,,,,,,,,,,,,,,,,,,,,,,,,
"USW00094728","2020-08-03","40.77898","-73.96925","42.7","NY CITY CENTRAL PARK, NY US","  137",",,W,2400","    0",",,W,2400","    0",",,W,2400","  311",",,W","  211",",,W",,,,,"  189",",,W","10159",",,W","10102",",,W","  217",",,W","   20",",,W",,,,,,,,,,,,,,,,,,,,,"   62",",,W","   40",",,W","   97",",,W",,,,,,,,,"  250",",,W","  260",",,W",,,,,,,,,,,"   67",",,W","  107",",,W",,,,,"    1",",,W",,,"    1",",,W",,,,,,,,,,,,,,,,,,,,,,,,,,,,,,,,
"USW00094728","2020-08-04","40.77898","-73.96925","42.7","NY CITY CENTRAL PARK, NY US","  140",",,W,2400","    0",",,W,2400","    0",",,W,2400","  261",",,W","  211",",,W",,,,,"  211",",,W","10102",",,W","10051",",,W","  222",",,W","   32",",,W",,,,,,,,,,,,,,,,,,,,,"   84",",,W","   62",",,W","   97",",,W",,,,,,,,,"  150",",,W","  130",",,W",,,,,,,,,,,"  112",",,W","  215",",,W",,,,,"    1",",,W",,,"    1",",,W",,,,,,,,,,,,,,,,,,,,,,,,,,,,,,,,
"USW00094728","2020-08-05","40.77898","-73.96925","42.7","NY CITY CENTRAL PARK, NY US","    0",",,W,2400","    0",",,W,2400","    0",",,W,2400","  300",",,W","  228",",,W",,,,,"  172",",,W","10159",",,W","10108",",,W","  206",",,W","   19",",,W",,,,,,,,,,,,,,,,,,,,,"   60",",,W","   43",",,W","   88",",,W",,,,,,,,,"  270",",,W","  220",",,W",,,,,,,,,,,"   58",",,W","   94",",,W",,,,,,,,,,,,,,,,,,,,,,,,,,,,,,,,,,,,,,,,,,
"USW00094728","2020-08-06","40.77898","-73.96925","42.7","NY CITY CENTRAL PARK, NY US","    0","T,,W,2400","    0",",,W,2400","    0",",,W,2400","  278",",,W","  217",",,W",,,,,"  161",",,W","10193",",,W","10142",",,W","  189",",,W","   10",",,W",,,,,,,,,,,,,,,,,,,,,"   62",",,W","   50",",,W","   73",",,W",,,,,,,,,"  150",",,W","  130",",,W",,,,,,,,,,,"   36",",,W","   63",",,W",,,,,,,,,,,,,,,,,,,,,,,,,,,,,,,,,,,,,,,,,,
"USW00094728","2020-08-07","40.77898","-73.96925","42.7","NY CITY CENTRAL PARK, NY US","  117",",,W,2400","    0",",,W,2400","    0",",,W,2400","  272",",,W","  189",",,W",,,,,"  189",",,W","10200",",,W","10152",",,W","  200",",,W","   18",",,W",,,,,,,,,,,,,,,,,,,,,"   81",",,W","   62",",,W","   97",",,W",,,,,,,,,"   70",",,W","   90",",,W",,,,,,,,,,,"   54",",,W","   81",",,W",,,,,"    1",",,W",,,"    1",",,W",,,,,,,,,,,,,,,,,,,,,,,,,,,,,,,,
"USW00094728","2020-08-08","40.77898","-73.96925","42.7","NY CITY CENTRAL PARK, NY US","    0",",,W,2400","    0",",,W,2400","    0",",,W,2400","  283",",,W","  200",",,W",,,,,"  200",",,W","10203",",,W","10156",",,W","  211",",,W","   11",",,W",,,,,,,,,,,,,,,,,,,,,"   82",",,W","   61",",,W","   96",",,W",,,,,,,,,"  140",",,W","  140",",,W",,,,,,,,,,,"   40",",,W","   67",",,W",,,,,"    1",",,W",,,,,,,,,,,,,,,,,,,,,,,,,,,,,,,,,,,,
"USW00094728","2020-08-09","40.77898","-73.96925","42.7","NY CITY CENTRAL PARK, NY US","    0",",,W,2400","    0",",,W,2400","    0",",,W,2400","  306",",,W","  222",",,W",,,,,"  206",",,W","10186",",,W","10142",",,W","  222",",,W","   16",",,W",,,,,,,,,,,,,,,,,,,,,"   74",",,W","   51",",,W","   91",",,W",,,,,,,,,"  180",",,W","  160",",,W",,,,,,,,,,,"   40",",,W","   72",",,W",,,,,"    1",",,W",,,,,,,,,,,,,"    1",",,W",,,,,,,,,,,,,,,,,,,,,,
"USW00094728","2020-08-10","40.77898","-73.96925","42.7","NY CITY CENTRAL PARK, NY US","    0",",,W,2400","    0",",,W,2400","    0",",,W,2400","  333",",,W","  244",",,W",,,,,"  217",",,W","10159",",,W","10112",",,W","  239",",,W","   21",",,W",,,,,,,,,,,,,,,,,,,,,"   70",",,W","   45",",,W","   88",",,W",,,,,,,,,"  150",",,W","  160",",,W",,,,,,,,,,,"   45",",,W","   81",",,W",,,,,,,,,,,,,,,,,,,,,,,,,,,,,,,,,,,,,,,,,,
"USW00094728","2020-08-11","40.77898","-73.96925","42.7","NY CITY CENTRAL PARK, NY US","    0","T,,W,2400","    0",",,W,2400","    0",",,W,2400","  311",",,W","  256",",,W",,,,,"  228",",,W","10142",",,W","10095",",,W","  239",",,W","   15",",,W",,,,,,,,,,,,,,,,,,,,,"   76",",,W","   65",",,W","   85",",,W",,,,,,,,,"  140",",,W","  150",",,W",,,,,,,,,,,"   58",",,W","  112",",,W",,,,,"    1",",,W",,,,,,,,,,,,,,,,,,,,,,,,,,,,,,,,,,,,
"USW00094728","2020-08-12","40.77898","-73.96925","42.7","NY CITY CENTRAL PARK, NY US","  447",",,W,2400","    0",",,W,2400","    0",",,W,2400","  322",",,W","  222",",,W",,,,,"  233",",,W","10163",",,W","10108",",,W","  244",",,W","   11",",,W",,,,,,,,,,,,,,,,,,,,,"   82",",,W","   61",",,W","   97",",,W",,,,,,,,,"  140",",,W","  160",",,W",,,,,,,,,,,"   58",",,W","   85",",,W",,,,,"    1",",,W",,,"    1",",,W",,,,,,,,,"    1",",,W",,,,,,,,,,,,,,,,,,,,,,
"USW00094728","2020-08-13","40.77898","-73.96925","42.7","NY CITY CENTRAL PARK, NY US","   61",",,W,2400","    0",",,W,2400","    0",",,W,2400","  261",",,W","  222",",,W",,,,,"  211",",,W","10183",",,W","10135",",,W","  222",",,W","    9",",,W",,,,,,,,,,,,,,,,,,,,,"   84",",,W","   64",",,W","   94",",,W",,,,,,,,,"   60",",,W","   50",",,W",,,,,,,,,,,"   40",",,W","   58",",,W",,,,,"    1",",,W",,,"    1",",,W",,,,,,,,,,,,,,,,,,,,,,,,,,,,,,,,
"USW00094728","2020-08-14","40.77898","-73.96925","42.7","NY CITY CENTRAL PARK, NY US","    0",",,W,2400","    0",",,W,2400","    0",",,W,2400","  300",",,W","  228",",,W",,,,,"  183",",,W","10159",",,W","10112",",,W","  211",",,W","   26",",,W",,,,,,,,,,,,,,,,,,,,,"   64",",,W","   43",",,W","   88",",,W",,,,,,,,,"   60",",,W","   40",",,W",,,,,,,,,,,"   67",",,W","   94",",,W",,,,,,,,,,,,,,,,,,,,,,,,,,,,,,,,,,,,,,,,,,
"USW00094728","2020-08-15","40.77898","-73.96925","42.7","NY CITY CENTRAL PARK, NY US","    0",",,W,2400","    0",",,W,2400","    0",",,W,2400","  289",",,W","  217",",,W",,,,,"  156",",,W","10163",",,W","10112",",,W","  189",",,W","   28",",,W",,,,,,,,,,,,,,,,,,,,,"   58",",,W","   44",",,W","   74",",,W",,,,,,,,,"   70",",,W","   60",",,W",,,,,,,,,,,"   67",",,W","  103",",,W",,,,,,,,,,,,,,,,,,,,,,,,,,,,,,,,,,,,,,,,,,
"USW00094728","2020-08-16","40.77898","-73.96925","42.7","NY CITY CENTRAL PARK, NY US","   53",",,W,2400","    0",",,W,2400","    0",",,W,2400","  222",",,W","  194",",,W",,,,,"  172",",,W","10142",",,W","10098",",,W","  183",",,W","   35",",,W",,,,,,,,,,,,,,,,,,,,,"   83",",,W","   68",",,W","   93",",,W",,,,,,,,,"   40",",,W","   40",",,W",,,,,,,,,,,"   67",",,W","  103",",,W",,,,,"    1",",,W",,,,,,,,,,,,,,,,,,,,,,,,,,,,,,,,,,,,
"USW00094728","2020-08-17","40.77898","-73.96925","42.7","NY CITY CENTRAL PARK, NY US","   36",",,W,2400","    0",",,W,2400","    0",",,W,2400","  272",",,W","  178",",,W",,,,,"  172",",,W","10122",",,W","10075",",,W","  189",",,W","   11",",,W",,,,,,,,,,,,,,,,,,,,,"   77",",,W","   54",",,W","   96",",,W",,,,,,,,,"  170",",,W","   10",",,W",,,,,,,,,,,"   45",",,W","   85",",,W",,,,,"    1",",,W",,,"    1",",,W",,,,,,,,,,,,,,,,,,,,,,,,,,,,,,,,
"USW00094728","2020-08-18","40.77898","-73.96925","42.7","NY CITY CENTRAL PARK, NY US","   51",",,W,2400","    0",",,W,2400","    0",",,W,2400","  278",",,W","  172",",,W",,,,,"  150",",,W","10112",",,W","10061",",,W","  183",",,W","   13",",,W",,,,,,,,,,,,,,,,,,,,,"   63",",,W","   34",",,W","   96",",,W",,,,,,,,,"  270",",,W","  270",",,W",,,,,,,,,,,"   58",",,W","  103",",,W",,,,,"    1",",,W",,,"    1",",,W",,,,,,,,,,,,,,,,,,,,,,,,,,,,,,,,
"USW00094728","2020-08-19","40.77898","-73.96925","42.7","NY CITY CENTRAL PARK, NY US","   36",",,W,2400","    0",",,W,2400","    0",",,W,2400","  239",",,W","  189",",,W",,,,,"  167",",,W","10139",",,W","10085",",,W","  183",",,W","   14",",,W",,,,,,,,,,,,,,,,,,,,,"   75",",,W","   57",",,W","   96",",,W",,,,,,,,,"   90",",,W","  300",",,W",,,,,,,,,,,"   40",",,W","   63",",,W",,,,,"    1",",,W",,,"    1",",,W",,,,,,,,,,,,,,,,,,,,,,,,,,,,,,,,
"USW00094728","2020-08-20","40.77898","-73.96925","42.7","NY CITY CENTRAL PARK, NY US","    0",",,W,2400","    0",",,W,2400","    0",",,W,2400","  267",",,W","  167",",,W",,,,,"  122",",,W","10169",",,W","10122",",,W","  161",",,W","   14",",,W",,,,,,,,,,,,,,,,,,,,,"   56",",,W","   32",",,W","   78",",,W",,,,,,,,,"  230",",,W","  210",",,W",,,,,,,,,,,"   40",",,W","   63",",,W",,,,,,,,,,,,,,,,,,,,,,,,,,,,,,,,,,,,,,,,,,
"USW00094728","2020-08-21","40.77898","-73.96925","42.7","NY CITY CENTRAL PARK, NY US","    0",",,W,2400","    0",",,W,2400","    0",",,W,2400","  283",",,W","  200",",,W",,,,,"  178",",,W","10139",",,W","10091",",,W","  200",",,W","   27",",,W",,,,,,,,,,,,,,,,,,,,,"   66",",,W","   51",",,W","   84",",,W",,,,,,,,,"  240",",,W","  220",",,W",,,,,,,,,,,"   58",",,W","   85",",,W",,,,,,,,,,,,,,,,,,,,,,,,,,,,,,,,,,,,,,,,,,
"USW00094728","2020-08-22","40.77898","-73.96925","42.7","NY CITY CENTRAL PARK, NY US","    0","T,,W,2400","    0",",,W,2400","    0",",,W,2400","  311",",,W","  228",",,W",,,,,"  200",",,W","10139",",,W","10091",",,W","  217",",,W","   18",",,W",,,,,,,,,,,,,,,,,,,,,"   67",",,W","   48",",,W","   82",",,W",,,,,,,,,"  240",",,W","  250",",,W",,,,,,,,,,,"   54",",,W","   81",",,W",,,,,,,,,"    1",",,W",,,,,,,,,,,,,,,,,,,,,,,,,,,,,,,,
"USW00094728","2020-08-23","40.77898","-73.96925","42.7","NY CITY CENTRAL PARK, NY US","    0",",,W,2400","    0",",,W,2400","    0",",,W,2400","  300",",,W","  233",",,W",,,,,"  206",",,W","10169",",,W","10119",",,W","  228",",,W","   11",",,W",,,,,,,,,,,,,,,,,,,,,"   73",",,W","   55",",,W","   82",",,W",,,,,,,,,"  240",",,W","  200",",,W",,,,,,,,,,,"   40",",,W","   58",",,W",,,,,,,,,,,,,,,,,,,,,,,,,,,,,,,,,,,,,,,,,,
"USW00094728","2020-08-24","40.77898","-73.96925","42.7","NY CITY CENTRAL PARK, NY US","    0",",,W,2400","    0",",,W,2400","    0",",,W,2400","  322",",,W","  239",",,W",,,,,"  200",",,W","10149",",,W","10102",",,W","  222",",,W","   14",",,W",,,,,,,,,,,,,,,,,,,,,"   64",",,W","   47",",,W","   82",",,W",,,,,,,,,"  270",",,W",,,,,,,,,,,,,"   54",",,W",,,,,,,,,,,,,,,,,,,,,,,,,,,,,,,,,,,,,,,,,,,,
"USW00094728","2020-08-25","40.77898","-73.96925","42.7","NY CITY CENTRAL PARK, NY US","   91",",,W,2400","    0",",,W,2400","    0",",,W,2400","  317",",,W","  217",",,W",,,,,"  183",",,W","10095",",,W","10044",",,W","  211",",,W","   25",",,W",,,,,,,,,,,,,,,,,,,,,"   63",",,W","   43",",,W","   97",",,W",,,,,,,,,"   10",",,W","   10",",,W",,,,,,,,,,,"   94",",,W","  157",",,W",,,,,"    1",",,W",,,"    1",",,W",,,,,,,,,,,,,,,,,,,,,,,,,,,,,,,,
"USW00094728","2020-08-26","40.77898","-73.96925","42.7","NY CITY CENTRAL PARK, NY US","    0",",,W,2400","    0",",,W,2400","    0",",,W,2400","  250",",,W","  194",",,W",,,,,"  111",",,W","10132",",,W","10085",",,W","  156",",,W","   28",",,W",,,,,,,,,,,,,,,,,,,,,"   49",",,W","   32",",,W","   66",",,W",,,,,,,,,"  300",",,W","  310",",,W",,,,,,,,,,,"   72",",,W","  116",",,W",,,,,,,,,,,,,,,,,,,,,,,,,,,,,,,,,,,,,,,,,,
"USW00094728","2020-08-27","40.77898","-73.96925","42.7","NY CITY CENTRAL PARK, NY US","  107",",,W,2400","    0",",,W,2400","    0",",,W,2400","  322",",,W","  189",",,W",,,,,"  183",",,W","10078",",,W","10037",",,W","  206",",,W","   16",",,W",,,,,,,,,,,,,,,,,,,,,"   69",",,W","   45",",,W","   94",",,W",,,,,,,,,"  240",",,W","  230",",,W",,,,,,,,,,,"   76",",,W","  143",",,W",,,,,"    1",",,W",,,"    1",",,W",,,,,,,,,,,,,,,,,,,,,,,,,,,,,,,,
"USW00094728","2020-08-28","40.77898","-73.96925","42.7","NY CITY CENTRAL PARK, NY US","    0","T,,W,2400","    0",",,W,2400","    0",",,W,2400","  294",",,W","  217",",,W",,,,,"  194",",,W","10091",",,W","10047",",,W","  211",",,W","   16",",,W",,,,,,,,,,,,,,,,,,,,,"   72",",,W","   50",",,W","   88",",,W",,,,,,,,,"  250",",,W","  220",",,W",,,,,,,,,,,"   54",",,W","  103",",,W",,,,,,,,,,,,,,,,,,,,,,,,,,,,,,,,,,,,,,,,,,
"USW00094728","2020-08-29","40.77898","-73.96925","42.7","NY CITY CENTRAL PARK, NY US","    3",",,W,2400","    0",",,W,2400","    0",",,W,2400","  272",",,W","  222",",,W",,,,,"  211",",,W","10017",",,W"," 9973",",,W","  222",",,W","   19",",,W",,,,,,,,,,,,,,,,,,,,,"   81",",,W","   60",",,W","   90",",,W",,,,,,,,,"  300",",,W","  300",",,W",,,,,,,,,,,"   63",",,W","   85",",,W",,,,,"    1",",,W",,,,,,,,,,,,,,,,,,,,,,,,,,,,,,,,,,,,
"USW00094728","2020-08-30","40.77898","-73.96925","42.7","NY CITY CENTRAL PARK, NY US","    0",",,W,2400","    0",",,W,2400","    0",",,W,2400","  261",",,W","  194",",,W",,,,,"  117",",,W","10078",",,W","10014",",,W","  161",",,W","   34",",,W",,,,,,,,,,,,,,,,,,,,,"   50",",,W","   37",",,W","   63",",,W",,,,,,,,,"  300",",,W","  300",",,W",,,,,,,,,,,"   67",",,W","  103",",,W",,,,,,,,,,,,,,,,,,,,,,,,,,,,,,,,,,,,,,,,,,
"USW00094728","2020-08-31","40.77898","-73.96925","42.7","NY CITY CENTRAL PARK, NY US","    0",",,W,2400","    0",",,W,2400","    0",",,W,2400","  250",",,W","  172",",,W",,,,,"  133",",,W","10183",",,W","10129",",,W","  167",",,W","   15",",,W",,,,,,,,,,,,,,,,,,,,,"   62",",,W","   50",",,W","   73",",,W",,,,,,,,,"  140",",,W","  150",",,W",,,,,,,,,,,"   40",",,W","   63",",,W",,,,,,,,,,,,,,,,,,,,,,,,,,,,,,,,,,,,,,,,,,
"USW00094728","2020-09-01","40.77898","-73.96925","42.7","NY CITY CENTRAL PARK, NY US","   58",",,W,2400","    0",",,W,2400","    0",",,W,2400","  250",",,W","  189",",,W",,,,,"  183",",,W","10196",",,W","10149",",,W","  194",",,W","   17",",,W",,,,,,,,,,,,,,,,,,,,,"   81",",,W","   60",",,W","   97",",,W",,,,,,,,,"  110",",,W","   90",",,W",,,,,,,,,,,"   54",",,W","   76",",,W",,,,,"    1",",,W",,,,,,,,,,,,,,,,,,,,,,,,,,,,,,,,,,,,
"USW00094728","2020-09-02","40.77898","-73.96925","42.7","NY CITY CENTRAL PARK, NY US","   36",",,W,2400","    0",",,W,2400","    0",",,W,2400","  261",",,W","  206",",,W",,,,,"  217",",,W","10122",",,W","10078",",,W","  222",",,W","   13",",,W",,,,,,,,,,,,,,,,,,,,,"   89",",,W","   79",",,W","   97",",,W",,,,,,,,,"  140",",,W","  140",",,W",,,,,,,,,,,"   36",",,W","   58",",,W",,,,,"    1",",,W",,,,,,,,,,,,,,,,,,,,,,,,,,,,,,,,,,,,
"USW00094728","2020-09-03","40.77898","-73.96925","42.7","NY CITY CENTRAL PARK, NY US","  180",",,W,2400","    0",",,W,2400","    0",",,W,2400","  294",",,W","  211",",,W",,,,,"  183",",,W","10091",",,W","10030",",,W","  206",",,W","   13",",,W",,,,,,,,,,,,,,,,,,,,,"   69",",,W","   44",",,W","   97",",,W",,,,,,,,,"  290",",,W","  290",",,W",,,,,,,,,,,"   45",",,W","   67",",,W",,,,,"    1",",,W",,,,,,,,,,,,,,,,,,,,,,,,,,,,,,,,,,,,
"USW00094728","2020-09-04","40.77898","-73.96925","42.7","NY CITY CENTRAL PARK, NY US","    0",",,W,2400","    0",",,W,2400","    0",",,W,2400","  294",",,W","  206",",,W",,,,,"  161",",,W","10122",",,W","10068",",,W","  194",",,W","   20",",,W",,,,,,,,,,,,,,,,,,,,,"   62",",,W","   37",",,W","   96",",,W",,,,,,,,,"  280",",,W","  280",",,W",,,,,,,,,,,"   54",",,W","   81",",,W",,,,,"    1",",,W",,,,,,,,,,,,,,,,,,,,,,,,,,,,,,,,,,,,
"USW00094728","2020-09-05","40.77898","-73.96925","42.7","NY CITY CENTRAL PARK, NY US","    0",",,W,2400","    0",",,W,2400","    0",",,W,2400","  267",",,W","  183",",,W",,,,,"  100",",,W","10217",",,W","10166",",,W","  156",",,W","   17",",,W",,,,,,,,,,,,,,,,,,,,,"   49",",,W","   27",",,W","   70",",,W",,,,,,,,,"  310",",,W","  220",",,W",,,,,,,,,,,"   45",",,W","   72",",,W",,,,,,,,,,,,,,,,,,,,,,,,,,,,,,,,,,,,,,,,,,
"USW00094728","2020-09-06","40.77898","-73.96925","42.7","NY CITY CENTRAL PARK, NY US","    0",",,W,2400","    0",",,W,2400","    0",",,W,2400","  278",",,W","  189",",,W",,,,,"  139",",,W","10210",",,W","10163",",,W","  172",",,W","   16",",,W",,,,,,,,,,,,,,,,,,,,,"   57",",,W","   42",",,W","   68",",,W",,,,,,,,,"  160",",,W","  150",",,W",,,,,,,,,,,"   40",",,W","   85",",,W",,,,,,,,,,,,,,,,,,,,,,,,,,,,,,,,,,,,,,,,,,
"USW00094728","2020-09-07","40.77898","-73.96925","42.7","NY CITY CENTRAL PARK, NY US","    0",",,W,2400","    0",",,W,2400","    0",",,W,2400","  261",",,W","  189",",,W",,,,,"  161",",,W","10190",",,W","10142",",,W","  189",",,W","   11",",,W",,,,,,,,,,,,,,,,,,,,,"   70",",,W","   54",",,W","   84",",,W",,,,,,,,,"  140",",,W","  140",",,W",,,,,,,,,,,"   54",",,W","   89",",,W",,,,,,,,,,,,,,,,,,,,,,,,,,,,,,,,,,,,,,,,,,
"USW00094728","2020-09-08","40.77898","-73.96925","42.7","NY CITY CENTRAL PARK, NY US","    0",",,W,2400","    0",",,W,2400","    0",",,W,2400","  289",",,W","  200",",,W",,,,,"  178",",,W","10210",",,W","10159",",,W","  200",",,W","    9",",,W",,,,,,,,,,,,,,,,,,,,,"   72",",,W","   51",",,W","   87",",,W",,,,,,,,,"  140",",,W","  150",",,W",,,,,,,,,,,"   36",",,W","   58",",,W",,,,,,,,,,,,,,,,,,,,,,,,,,,,,,,,,,,,,,,,,,
"USW00094728","2020-09-09","40.77898","-73.96925","42.7","NY CITY CENTRAL PARK, NY US","    0",",,W,2400","    0",",,W,2400","    0",",,W,2400","  272",",,W","  206",",,W",,,,,"  194",",,W","10251",",,W","10203",",,W","  211",",,W","   11",",,W",,,,,,,,,,,,,,,,,,,,,"   78",",,W","   60",",,W","   93",",,W",,,,,,,,,"  170",",,W","  140",",,W",,,,,,,,,,,"   31",",,W","   49",",,W",,,,,"    1",",,W",,,,,,,,,,,,,,,,,,,,,,,,,,,,,,,,,,,,
"USW00094728","2020-09-10","40.77898","-73.96925","42.7","NY CITY CENTRAL PARK, NY US","  305",",,W,2400","    0",",,W,2400","    0",",,W,2400","  278",",,W","  228",",,W",,,,,"  228",",,W","10224",",,W","10179",",,W","  233",",,W","   12",",,W",,,,,,,,,,,,,,,,,,,,,"   90",",,W","   74",",,W","   97",",,W",,,,,,,,,"  230",",,W","  220",",,W",,,,,,,,,,,"   45",",,W","   67",",,W",,,,,"    1",",,W",,,,,,,,,,,,,,,,,,,,,,,,,,,,,,,,,,,,
"USW00094728","2020-09-11","40.77898","-73.96925","42.7","NY CITY CENTRAL PARK, NY US","    0","T,,W,2400","    0",",,W,2400","    0",",,W,2400","  244",",,W","  178",",,W",,,,,"  156",",,W","10217",",,W","10163",",,W","  183",",,W","   25",",,W",,,,,,,,,,,,,,,,,,,,,"   69",",,W","   44",",,W","   94",",,W",,,,,,,,,"   20",",,W","   20",",,W",,,,,,,,,,,"   63",",,W","  103",",,W",,,,,"    1",",,W",,,,,,,,,,,,,,,,,,,,,,,,,,,,,,,,,,,,
"USW00094728","2020-09-12","40.77898","-73.96925","42.7","NY CITY CENTRAL PARK, NY US","    0",",,W,2400","    0",",,W,2400","    0",",,W,2400","  233",",,W","  161",",,W",,,,,"  128",",,W","10251",",,W","10207",",,W","  156",",,W","   24",",,W",,,,,,,,,,,,,,,,,,,,,"   67",",,W","   50",",,W","   82",",,W",,,,,,,,,"   50",",,W","  110",",,W",,,,,,,,,,,"   54",",,W","   81",",,W",,,,,,,,,,,,,,,,,,,,,,,,,,,,,,,,,,,,,,,,,,
"USW00094728","2020-09-13","40.77898","-73.96925","42.7","NY CITY CENTRAL PARK, NY US","    0",",,W,2400","    0",",,W,2400","    0",",,W,2400","  233",",,W","  161",",,W",,,,,"  167",",,W","10193",",,W","10146",",,W","  183",",,W","   13",",,W",,,,,,,,,,,,,,,,,,,,,"   78",",,W","   71",",,W","   87",",,W",,,,,,,,,"  140",",,W","  140",",,W",,,,,,,,,,,"   45",",,W","   81",",,W",,,,,,,,,,,,,,,,,,,,,,,,,,,,,,,,,,,,,,,,,,
"USW00094728","2020-09-14","40.77898","-73.96925","42.7","NY CITY CENTRAL PARK, NY US","    0",",,W,2400","    0",",,W,2400","    0",",,W,2400","  239",",,W","  150",",,W",,,,,"  117",",,W","10196",",,W","10149",",,W","  156",",,W","   22",",,W",,,,,,,,,,,,,,,,,,,,,"   56",",,W","   38",",,W","   81",",,W",,,,,,,,,"  360",",,W","  340",",,W",,,,,,,,,,,"   67",",,W","  103",",,W",,,,,,,,,,,,,,,,,,,,,,,,,,,,,,,,,,,,,,,,,,
"USW00094728","2020-09-15","40.77898","-73.96925","42.7","NY CITY CENTRAL PARK, NY US","    0",",,W,2400","    0",",,W,2400","    0",",,W,2400","  189",",,W","  122",",,W",,,,,"   61",",,W","10261",",,W","10213",",,W","  106",",,W","   17",",,W",,,,,,,,,,,,,,,,,,,,,"   55",",,W","   42",",,W","   69",",,W",,,,,,,,,"   20",",,W","   30",",,W",,,,,,,,,,,"   67",",,W","  112",",,W",,,,,,,,,,,,,,,,,,,,,,,,,,,,,,,,,,,,,,,,,,
"USW00094728","2020-09-16","40.77898","-73.96925","42.7","NY CITY CENTRAL PARK, NY US","    0",",,W,2400","    0",",,W,2400","    0",",,W,2400","  217",",,W","  133",",,W",,,,,"  117",",,W","10224",",,W","10176",",,W","  144",",,W","   12",",,W",,,,,,,,,,,,,,,,,,,,,"   67",",,W","   57",",,W","   78",",,W",,,,,,,,,"  250",",,W","  230",",,W",,,,,,,,,,,"   40",",,W","   85",",,W",,,,,,,,,,,,,,,,,,,,,,,,,,,,,,,,,,,,,,,,,,
"USW00094728","2020-09-17","40.77898","-73.96925","42.7","NY CITY CENTRAL PARK, NY US","    0",",,W,2400","    0",",,W,2400","    0",",,W,2400","  239",",,W","  178",",,W",,,,,"  161",",,W","10163",",,W","10119",",,W","  178",",,W","    9",",,W",,,,,,,,,,,,,,,,,,,,,"   76",",,W","   68",",,W","   84",",,W",,,,,,,,,"  250",",,W","  250",",,W",,,,,,,,,,,"   45",",,W","   63",",,W",,,,,,,,,,,,,,,,,,,,,,,,,,,,,,,,,,,,,,,,,,
"USW00094728","2020-09-18","40.77898","-73.96925","42.7","NY CITY CENTRAL PARK, NY US","    0",",,W,2400","    0",",,W,2400","    0",",,W,2400","  211",",,W","  128",",,W",,,,,"   89",",,W","10156",",,W","10105",",,W","  133",",,W","   37",",,W",,,,,,,,,,,,,,,,,,,,,"   57",",,W","   38",",,W","   78",",,W",,,,,,,,,"   20",",,W","   10",",,W",,,,,,,,,,,"   72",",,W","  121",",,W",,,,,,,,,,,,,,,,,,,,,,,,,,,,,,,,,,,,,,,,,,
"USW00094728","2020-09-19","40.77898","-73.96925","42.7","NY CITY CENTRAL PARK, NY US","    0",",,W,2400","    0",",,W,2400","    0",",,W,2400","  172",",,W","  100",",,W",,,,,"  -17",",,W","10264",",,W","10213",",,W","   72",",,W","   31",",,W",,,,,,,,,,,,,,,,,,,,,"   37",",,W","   24",",,W","   54",",,W",,,,,,,,,"   50",",,W","   20",",,W",,,,,,,,,,,"   76",",,W","  121",",,W",,,,,,,,,,,,,,,,,,,,,,,,,,,,,,,,,,,,,,,,,,
"USW00094728","2020-09-20","40.77898","-73.96925","42.7","NY CITY CENTRAL PARK, NY US","    0",",,W,2400","    0",",,W,2400","    0",",,W,2400","  183",",,W","  100",",,W",,,,,"  -11",",,W","10318",",,W","10278",",,W","   72",",,W","   29",",,W",,,,,,,,,,,,,,,,,,,,,"   38",",,W","   25",",,W","   63",",,W",,,,,,,,,"   50",",,W","   50",",,W",,,,,,,,,,,"   67",",,W","   94",",,W",,,,,,,,,,,,,,,,,,,,,,,,,,,,,,,,,,,,,,,,,,
"USW00094728","2020-09-21","40.77898","-73.96925","42.7","NY CITY CENTRAL PARK, NY US","    0",",,W,2400","    0",",,W,2400","    0",",,W,2400","  183",",,W","   94",",,W",,,,,"   28",",,W","10318",",,W","10278",",,W","   89",",,W","   21",",,W",,,,,,,,,,,,,,,,,,,,,"   45",",,W","   33",",,W","   69",",,W",,,,,,,,,"   60",",,W","   40",",,W",,,,,,,,,,,"   67",",,W","  103",",,W",,,,,,,,,,,,,,,,,,,,,,,,,,,,,,,,,,,,,,,,,,
"USW00094728","2020-09-22","40.77898","-73.96925","42.7","NY CITY CENTRAL PARK, NY US","    0",",,W,2400","    0",",,W,2400","    0",",,W,2400","  217",",,W","   89",",,W",,,,,"   28",",,W","10179",",,W","10146",",,W","   94",",,W","   17",",,W",,,,,,,,,,,,,,,,,,,,,"   44",",,W","   25",",,W","   77",",,W",,,,,,,,,"  300",",,W","  290",",,W",,,,,,,,,,,"   58",",,W","   85",",,W",,,,,,,,,,,,,,,,,,,,,,,,,,,,,,,,,,,,,,,,,,
"USW00094728","2020-09-23","40.77898","-73.96925","42.7","NY CITY CENTRAL PARK, NY US","    0",",,W,2400","    0",",,W,2400","    0",",,W,2400","  261",",,W","  139",",,W",,,,,"   94",",,W","10119",",,W","10068",",,W","  144",",,W","   23",",,W",,,,,,,,,,,,,,,,,,,,,"   50",",,W","   39",",,W","   74",",,W",,,,,,,,,"  300",",,W","  290",",,W",,,,,,,,,,,"   67",",,W","  107",",,W",,,,,,,,,,,,,,,,,,,,,,,,,,,,,,,,,,,,,,,,,,
"USW00094728","2020-09-24","40.77898","-73.96925","42.7","NY CITY CENTRAL PARK, NY US","    0",",,W,2400","    0",",,W,2400","    0",",,W,2400","  239",",,W","  167",",,W",,,,,"  117",",,W","10152",",,W","10105",",,W","  156",",,W","   12",",,W",,,,,,,,,,,,,,,,,,,,,"   58",",,W","   46",",,W","   71",",,W",,,,,,,,,"  260",",,W","  230",",,W",,,,,,,,,,,"   40",",,W","   67",",,W",,,,,,,,,,,,,,,,,,,,,,,,,,,,,,,,,,,,,,,,,,
"USW00094728","2020-09-25","40.77898","-73.96925","42.7","NY CITY CENTRAL PARK, NY US","    0",",,W,2400","    0",",,W,2400","    0",",,W,2400","  250",",,W","  167",",,W",,,,,"  150",",,W","10186",",,W","10139",",,W","  172",",,W","    9",",,W",,,,,,,,,,,,,,,,,,,,,"   72",",,W","   54",",,W","   84",",,W",,,,,,,,,"  220",",,W","  160",",,W",,,,,,,,,,,"   31",",,W","   54",",,W",,,,,"    1",",,W",,,,,,,,,,,,,"    1",",,W",,,,,,,,,,,,,,,,,,,,,,
"USW00094728","2020-09-26","40.77898","-73.96925","42.7","NY CITY CENTRAL PARK, NY US","    0",",,W,2400","    0",",,W,2400","    0",",,W,2400","  233",",,W","  183",",,W",,,,,"  167",",,W","10183",",,W","10132",",,W","  183",",,W","   13",",,W",,,,,,,,,,,,,,,,,,,,,"   79",",,W","   59",",,W","   93",",,W",,,,,,,,,"  140",",,W","  160",",,W",,,,,,,,,,,"   40",",,W","   72",",,W",,,,,,,,,,,,,,,,,,,"    1",",,W",,,,,,,,,,,,,,,,,,,,,,
"USW00094728","2020-09-27","40.77898","-73.96925","42.7","NY CITY CENTRAL PARK, NY US","    8",",,W,2400","    0",",,W,2400","    0",",,W,2400","  261",",,W","  194",",,W",,,,,"  189",",,W","10146",",,W","10102",",,W","  200",",,W","   12",",,W",,,,,,,,,,,,,,,,,,,,,"   81",",,W","   60",",,W","   94",",,W",,,,,,,,,"  130",",,W","  140",",,W",,,,,,,,,,,"   40",",,W","   58",",,W",,,,,"    1",",,W",,,,,,,,,,,,,,,,,,,,,,,,,,,,,,,,,,,,
"USW00094728","2020-09-28","40.77898","-73.96925","42.7","NY CITY CENTRAL PARK, NY US","    5",",,W,2400","    0",",,W,2400","    0",",,W,2400","  250",",,W","  206",",,W",,,,,"  189",",,W","10125",",,W","10078",",,W","  200",",,W","   13",",,W",,,,,,,,,,,,,,,,,,,,,"   82",",,W","   66",",,W","   97",",,W",,,,,,,,,"  140",",,W","  190",",,W",,,,,,,,,,,"   40",",,W","   72",",,W",,,,,"    1",",,W",,,,,,,,,,,,,,,,,,,,,,,,,,,,,,,,,,,,
"USW00094728","2020-09-29","40.77898","-73.96925","42.7","NY CITY CENTRAL PARK, NY US","  119",",,W,2400","    0",",,W,2400","    0",",,W,2400","  233",",,W","  194",",,W",,,,,"  194",",,W","10098",",,W","10061",",,W","  200",",,W","   17",",,W",,,,,,,,,,,,,,,,,,,,,"   90",",,W","   81",",,W","   97",",,W",,,,,,,,,"  140",",,W","  210",",,W",,,,,,,,,,,"   45",",,W","   98",",,W",,,,,"    1",",,W",,,,,,,,,,,,,,,,,,,,,,,,,,,,,,,,,,,,
"USW00094728","2020-09-30","40.77898","-73.96925","42.7","NY CITY CENTRAL PARK, NY US","  290",",,W,2400","    0",",,W,2400","    0",",,W,2400","  217",",,W","  156",",,W",,,,,"  117",",,W","10061",",,W","10003",",,W","  144",",,W","   28",",,W",,,,,,,,,,,,,,,,,,,,,"   67",",,W","   45",",,W","   97",",,W",,,,,,,,,"  270",",,W","  170",",,W",,,,,,,,,,,"   76",",,W","  125",",,W",,,,,"    1",",,W",,,,,,,,,,,,,,,,,,,,,,,,,,,,,,,,,,,,
"USW00094728","2020-10-01","40.77898","-73.96925","42.7","NY CITY CENTRAL PARK, NY US","    0","T,,W,2400","    0",",,W,2400","    0",",,W,2400","  222",",,W","  156",",,W",,,,,"  100",",,W","10129",",,W","10075",",,W","  139",",,W","   17",",,W",,,,,,,,,,,,,,,,,,,,,"   61",",,W","   41",",,W","   80",",,W",,,,,,,,,"  240",",,W","  270",",,W",,,,,,,,,,,"   54",",,W","   89",",,W",,,,,,,,,,,,,,,,,,,,,,,,,,,,,,,,,,,,,,,,,,
"USW00094728","2020-10-02","40.77898","-73.96925","42.7","NY CITY CENTRAL PARK, NY US","   10",",,W,2400","    0",",,W,2400","    0",",,W,2400","  183",",,W","  117",",,W",,,,,"   83",",,W","10156",",,W","10105",",,W","  117",",,W","   17",",,W",,,,,,,,,,,,,,,,,,,,,"   66",",,W","   45",",,W","   87",",,W",,,,,,,,,"  270",",,W","  280",",,W",,,,,,,,,,,"   40",",,W","   72",",,W",,,,,"    1",",,W",,,,,,,,,,,,,,,,,,,,,,,,,,,,,,,,,,,,
"USW00094728","2020-10-03","40.77898","-73.96925","42.7","NY CITY CENTRAL PARK, NY US","    0",",,W,2400","    0",",,W,2400","    0",",,W,2400","  189",",,W","  111",",,W",,,,,"   56",",,W","10220",",,W","10173",",,W","  100",",,W","   20",",,W",,,,,,,,,,,,,,,,,,,,,"   56",",,W","   36",",,W","   75",",,W",,,,,,,,,"  260",",,W","  260",",,W",,,,,,,,,,,"   54",",,W","   67",",,W",,,,,,,,,,,,,,,,,,,,,,,,,,,,,,,,,,,,,,,,,,
"USW00094728","2020-10-04","40.77898","-73.96925","42.7","NY CITY CENTRAL PARK, NY US","    0",",,W,2400","    0",",,W,2400","    0",",,W,2400","  194",",,W","  106",",,W",,,,,"   78",",,W","10227",",,W","10183",",,W","  111",",,W","   18",",,W",,,,,,,,,,,,,,,,,,,,,"   64",",,W","   42",",,W","   83",",,W",,,,,,,,,"   60",",,W","   50",",,W",,,,,,,,,,,"   54",",,W","   72",",,W",,,,,,,,,,,,,,,,,,,,,,,,,,,,,,,,,,,,,,,,,,
"USW00094728","2020-10-05","40.77898","-73.96925","42.7","NY CITY CENTRAL PARK, NY US","    0",",,W,2400","    0",",,W,2400","    0",",,W,2400","  211",",,W","  117",",,W",,,,,"  100",",,W","10203",",,W","10152",",,W","  128",",,W","   12",",,W",,,,,,,,,,,,,,,,,,,,,"   69",",,W","   40",",,W","   84",",,W",,,,,,,,,"  350",",,W","   60",",,W",,,,,,,,,,,"   40",",,W","   58",",,W",,,,,,,,,,,,,,,,,,,,,,,,,,,,,,,,,,,,,,,,,,
"USW00094728","2020-10-06","40.77898","-73.96925","42.7","NY CITY CENTRAL PARK, NY US","    0",",,W,2400","    0",",,W,2400","    0",",,W,2400","  206",",,W","  139",",,W",,,,,"  100",",,W","10179",",,W","10135",",,W","  133",",,W","   14",",,W",,,,,,,,,,,,,,,,,,,,,"   64",",,W","   44",",,W","   87",",,W",,,,,,,,,"  240",",,W","  230",",,W",,,,,,,,,,,"   54",",,W","   85",",,W",,,,,,,,,,,,,,,,,,,,,,,,,,,,,,,,,,,,,,,,,,
"USW00094728","2020-10-07","40.77898","-73.96925","42.7","NY CITY CENTRAL PARK, NY US","    5",",,W,2400","    0",",,W,2400","    0",",,W,2400","  233",",,W","  156",",,W",,,,,"  100",",,W","10071",",,W","10030",",,W","  139",",,W","   37",",,W",,,,,,,,,,,,,,,,,,,,,"   58",",,W","   42",",,W","   81",",,W",,,,,,,,,"  280",",,W","  260",",,W",,,,,,,,,,,"   72",",,W","  125",",,W",,,,,,,,,,,,,,,,,,,"    1",",,W",,,,,,,,,,,,,,,,,,,,,,
"USW00094728","2020-10-08","40.77898","-73.96925","42.7","NY CITY CENTRAL PARK, NY US","    0",",,W,2400","    0",",,W,2400","    0",",,W,2400","  178",",,W","  117",",,W",,,,,"   33",",,W","10152",",,W","10105",",,W","   94",",,W","   35",",,W",,,,,,,,,,,,,,,,,,,,,"   48",",,W","   38",",,W","   62",",,W",,,,,,,,,"  300",",,W","  270",",,W",,,,,,,,,,,"   76",",,W","  116",",,W",,,,,,,,,,,,,,,,,,,,,,,,,,,,,,,,,,,,,,,,,,
"USW00094728","2020-10-09","40.77898","-73.96925","42.7","NY CITY CENTRAL PARK, NY US","    0",",,W,2400","    0",",,W,2400","    0",",,W,2400","  206",",,W","  100",",,W",,,,,"   56",",,W","10210",",,W","10163",",,W","  106",",,W","   11",",,W",,,,,,,,,,,,,,,,,,,,,"   52",",,W","   40",",,W","   66",",,W",,,,,,,,,"  230",",,W","  230",",,W",,,,,,,,,,,"   58",",,W","   94",",,W",,,,,,,,,,,,,,,,,,,,,,,,,,,,,,,,,,,,,,,,,,
"USW00094728","2020-10-10","40.77898","-73.96925","42.7","NY CITY CENTRAL PARK, NY US","    0",",,W,2400","    0",",,W,2400","    0",",,W,2400","  217",",,W","  144",",,W",,,,,"  128",",,W","10152",",,W","10102",",,W","  150",",,W","   27",",,W",,,,,,,,,,,,,,,,,,,,,"   72",",,W","   58",",,W","   84",",,W",,,,,,,,,"  240",",,W","  220",",,W",,,,,,,,,,,"   63",",,W","  116",",,W",,,,,,,,,,,,,,,,,,,,,,,,,,,,,,,,,,,,,,,,,,
"USW00094728","2020-10-11","40.77898","-73.96925","42.7","NY CITY CENTRAL PARK, NY US","    0","T,,W,2400","    0",",,W,2400","    0",",,W,2400","  194",",,W","  139",",,W",,,,,"  117",",,W","10193",",,W","10152",",,W","  139",",,W","   26",",,W",,,,,,,,,,,,,,,,,,,,,"   68",",,W","   54",",,W","   87",",,W",,,,,,,,,"  240",",,W","  240",",,W",,,,,,,,,,,"   63",",,W","   98",",,W",,,,,,,,,,,,,,,,,,,,,,,,,,,,,,,,,,,,,,,,,,
"USW00094728","2020-10-12","40.77898","-73.96925","42.7","NY CITY CENTRAL PARK, NY US","  244",",,W,2400","    0",",,W,2400","    0",",,W,2400","  139",",,W","   94",",,W",,,,,"  106",",,W","10210",",,W","10159",",,W","  111",",,W","   39",",,W",,,,,,,,,,,,,,,,,,,,,"   94",",,W","   68",",,W","  100",",,W",,,,,,,,,"   60",",,W","   50",",,W",,,,,,,,,,,"   76",",,W","  130",",,W",,,,,"    1",",,W",,,,,,,,,,,,,,,,,,,,,,,,,,,,,,,,,,,,
"USW00094728","2020-10-13","40.77898","-73.96925","42.7","NY CITY CENTRAL PARK, NY US","   86",",,W,2400","    0",",,W,2400","    0",",,W,2400","  144",",,W","  117",",,W",,,,,"  117",",,W","10119",",,W","10075",",,W","  122",",,W","   28",",,W",,,,,,,,,,,,,,,,,,,,,"   92",",,W","   77",",,W","   97",",,W",,,,,,,,,"   50",",,W","   20",",,W",,,,,,,,,,,"   67",",,W","   94",",,W",,,,,"    1",",,W",,,,,,,,,,,,,,,,,,,,,,,,,,,,,,,,,,,,
"USW00094728","2020-10-14","40.77898","-73.96925","42.7","NY CITY CENTRAL PARK, NY US","    0",",,W,2400","    0",",,W,2400","    0",",,W,2400","  194",",,W","  100",",,W",,,,,"   72",",,W","10149",",,W","10091",",,W","  111",",,W","   19",",,W",,,,,,,,,,,,,,,,,,,,,"   60",",,W","   44",",,W","   83",",,W",,,,,,,,,"  240",",,W","  240",",,W",,,,,,,,,,,"   45",",,W","   67",",,W",,,,,,,,,,,,,,,,,,,,,,,,,,,,,,,,,,,,,,,,,,
"USW00094728","2020-10-15","40.77898","-73.96925","42.7","NY CITY CENTRAL PARK, NY US","    0",",,W,2400","    0",",,W,2400","    0",",,W,2400","  217",",,W","  139",",,W",,,,,"  122",",,W","10152",",,W","10105",",,W","  144",",,W","   21",",,W",,,,,,,,,,,,,,,,,,,,,"   72",",,W","   57",",,W","   84",",,W",,,,,,,,,"  180",",,W","  200",",,W",,,,,,,,,,,"   54",",,W","  107",",,W",,,,,,,,,,,,,,,,,,,,,,,,,,,,,,,,,,,,,,,,,,
"USW00094728","2020-10-16","40.77898","-73.96925","42.7","NY CITY CENTRAL PARK, NY US","  345",",,W,2400","    0",",,W,2400","    0",",,W,2400","  189",",,W","   83",",,W",,,,,"  111",",,W","10183",",,W","10135",",,W","  122",",,W","   20",",,W",,,,,,,,,,,,,,,,,,,,,"   90",",,W","   67",",,W","   96",",,W",,,,,,,,,"  310",",,W","  300",",,W",,,,,,,,,,,"   67",",,W","  116",",,W",,,,,"    1",",,W",,,,,,,,,,,,,,,,,,,,,,,,,,,,,,,,,,,,
"USW00094728","2020-10-17","40.77898","-73.96925","42.7","NY CITY CENTRAL PARK, NY US","    3",",,W,2400","    0",",,W,2400","    0",",,W,2400","  150",",,W","   67",",,W",,,,,"   17",",,W","10254",",,W","10196",",,W","   67",",,W","   16",",,W",,,,,,,,,,,,,,,,,,,,,"   56",",,W","   29",",,W","   93",",,W",,,,,,,,,"   20",",,W","  270",",,W",,,,,,,,,,,"   54",",,W","   72",",,W",,,,,,,,,,,,,,,,,,,,,,,,,,,,,,,,,,,,,,,,,,
"USW00094728","2020-10-18","40.77898","-73.96925","42.7","NY CITY CENTRAL PARK, NY US","    0",",,W,2400","    0",",,W,2400","    0",",,W,2400","  167",",,W","   78",",,W",,,,,"   67",",,W","10298",",,W","10254",",,W","   94",",,W","   17",",,W",,,,,,,,,,,,,,,,,,,,,"   69",",,W","   39",",,W","   93",",,W",,,,,,,,,"  120",",,W","  190",",,W",,,,,,,,,,,"   58",",,W","   98",",,W",,,,,,,,,,,,,,,,,,,,,,,,,,,,,,,,,,,,,,,,,,
"USW00094728","2020-10-19","40.77898","-73.96925","42.7","NY CITY CENTRAL PARK, NY US","    0",",,W,2400","    0",",,W,2400","    0",",,W,2400","  183",",,W","  106",",,W",,,,,"  111",",,W","10268",",,W","10220",",,W","  128",",,W","   11",",,W",,,,,,,,,,,,,,,,,,,,,"   80",",,W","   65",",,W","   93",",,W",,,,,,,,,"  150",",,W","  140",",,W",,,,,,,,,,,"   40",",,W","   85",",,W",,,,,,,,,,,,,,,,,,,,,,,,,,,,,,,,,,,,,,,,,,
"USW00094728","2020-10-20","40.77898","-73.96925","42.7","NY CITY CENTRAL PARK, NY US","    0","T,,W,2400","    0",",,W,2400","    0",",,W,2400","  217",",,W","  139",",,W",,,,,"  156",",,W","10237",",,W","10190",",,W","  161",",,W","    7",",,W",,,,,,,,,,,,,,,,,,,,,"   91",",,W","   76",",,W","  100",",,W",,,,,,,,,"  140",",,W","  160",",,W",,,,,,,,,,,"   31",",,W","   49",",,W",,,,,"    1",",,W",,,,,,,,,,,,,,,,,,,,,,,,,,,,,,,,,,,,
"USW00094728","2020-10-21","40.77898","-73.96925","42.7","NY CITY CENTRAL PARK, NY US","    0",",,W,2400","    0",",,W,2400","    0",",,W,2400","  200",",,W","  150",",,W",,,,,"  167",",,W","10244",",,W","10193",",,W","  167",",,W","    6",",,W",,,,,,,,,,,,,,,,,,,,,"   93",",,W","   84",",,W","  100",",,W",,,,,,,,,"  140",",,W","  140",",,W",,,,,,,,,,,"   36",",,W","   54",",,W",,,,,"    1",",,W",,,,,,,,,,,,,,,,,,,,,,,,,,,,,,,,,,,,
"USW00094728","2020-10-22","40.77898","-73.96925","42.7","NY CITY CENTRAL PARK, NY US","    0",",,W,2400","    0",",,W,2400","    0",",,W,2400","  200",",,W","  178",",,W",,,,,"  172",",,W","10237",",,W","10186",",,W","  178",",,W","    4",",,W",,,,,,,,,,,,,,,,,,,,,"   90",",,W","   84",",,W","   97",",,W",,,,,,,,,"   50",",,W","   20",",,W",,,,,,,,,,,"   36",",,W","   67",",,W",,,,,"    1",",,W",,,,,,,,,,,,,"    1",",,W",,,,,,,,,,,,,,,,,,,,,,
"USW00094728","2020-10-23","40.77898","-73.96925","42.7","NY CITY CENTRAL PARK, NY US","    0",",,W,2400","    0",",,W,2400","    0",",,W,2400","  206",",,W","  172",",,W",,,,,"  161",",,W","10210",",,W","10163",",,W","  167",",,W","    5",",,W",,,,,,,,,,,,,,,,,,,,,"   89",",,W","   78",",,W","   97",",,W",,,,,,,,,"  240",",,W",,,,,,,,,,,,,"   31",",,W",,,,,,,"    1",",,W",,,,,,,,,,,,,,,,,,,,,,,,,,,,,,,,,,,,
"USW00094728","2020-10-24","40.77898","-73.96925","42.7","NY CITY CENTRAL PARK, NY US","    0",",,W,2400","    0",",,W,2400","    0",",,W,2400","  206",",,W","   89",",,W",,,,,"  111",",,W","10149",",,W","10098",",,W","  133",",,W","   20",",,W",,,,,,,,,,,,,,,,,,,,,"   71",",,W","   52",",,W","   87",",,W",,,,,,,,,"  310",",,W","  290",",,W",,,,,,,,,,,"   58",",,W","   89",",,W",,,,,,,,,,,,,,,,,,,,,,,,,,,,,,,,,,,,,,,,,,
"USW00094728","2020-10-25","40.77898","-73.96925","42.7","NY CITY CENTRAL PARK, NY US","    5",",,W,2400","    0",",,W,2400","    0",",,W,2400","  117",",,W","   72",",,W",,,,,"   28",",,W","10234",",,W","10186",",,W","   67",",,W","   26",",,W",,,,,,,,,,,,,,,,,,,,,"   64",",,W","   52",",,W","   93",",,W",,,,,,,,,"   50",",,W","   80",",,W",,,,,,,,,,,"   63",",,W","   85",",,W",,,,,"    1",",,W",,,,,,,,,,,,,,,,,,,,,,,,,,,,,,,,,,,,
"USW00094728","2020-10-26","40.77898","-73.96925","42.7","NY CITY CENTRAL PARK, NY US","    5",",,W,2400","    0",",,W,2400","    0",",,W,2400","  150",",,W","  106",",,W",,,,,"  117",",,W","10210",",,W","10156",",,W","  122",",,W","   18",",,W",,,,,,,,,,,,,,,,,,,,,"   93",",,W","   86",",,W","   97",",,W",,,,,,,,,"   80",",,W","  110",",,W",,,,,,,,,,,"   58",",,W","   98",",,W",,,,,"    1",",,W",,,,,,,,,,,,,,,,,,,,,,,,,,,,,,,,,,,,
